rank,club,country,elo,as_of,team_id
1,Bayern Munich,Germany,1871.2,8/27/2026,157
2,Arsenal,England,1812.7,8/27/2026,42
3,Barcelona,Spain,1783.1,8/27/2026,529
4,Manchester City,England,1773.7,8/27/2026,50
5,Real Madrid,Spain,1727.6,8/27/2026,541
6,Paris Saint Germain,France,1723.5,8/27/2026,85
7,Inter,Italy,1698.6,8/27/2026,505
8,Manchester United,England,1633.8,8/27/2026,33
9,Borussia Dortmund,Germany,1623.2,8/27/2026,165
10,Aston Villa,England,1619.3,8/27/2026,66
11,AS Roma,Italy,1611.7,8/27/2026,497
12,Liverpool,England,1609.0,8/27/2026,40
13,Bournemouth,England,1605.8,8/27/2026,35
14,Atletico Madrid,Spain,1603.6,8/27/2026,530
15,Napoli,Italy,1590.4,8/27/2026,492
16,Sporting CP,Portugal,1590.3,8/27/2026,228
17,Bayer Leverkusen,Germany,1586.8,8/27/2026,168
18,Brighton,England,1585.6,8/27/2026,51
19,Brentford,England,1579.4,8/27/2026,55
20,como,Italy,1578.6,8/27/2026,895
21,Benfica,Portugal,1573.8,8/27/2026,211
22,Newcastle,England,1573.2,8/27/2026,34
23,Lens,France,1566.3,8/27/2026,116
24,VfB Stuttgart,Germany,1560.8,8/27/2026,172
25,Juventus,Italy,1557.3,8/27/2026,496
26,Chelsea,England,1551.4,8/27/2026,49
27,FC Porto,Portugal,1551.3,8/27/2026,212
28,Leeds,England,1548.3,8/27/2026,63
29,RB Leipzig,Germany,1544.2,8/27/2026,173
30,Atalanta,Italy,1541.6,8/27/2026,499
31,Villarreal,Spain,1539.7,8/27/2026,533
32,Real Betis,Spain,1537.4,8/27/2026,543
33,AC Milan,Italy,1535.8,8/27/2026,489
34,Club Brugge KV,Belgium,1527.8,8/27/2026,569
35,Al-Hilal Saudi FC,Saudi-Arabia,1526.2,8/27/2026,2932
36,Everton,England,1526.1,8/27/2026,45
37,Nottingham Forest,England,1510.7,8/27/2026,65
38,Fulham,England,1503.0,8/27/2026,36
39,PSV Eindhoven,Netherlands,1500.7,8/27/2026,197
40,Crystal Palace,England,1500.3,8/27/2026,52
41,SC Freiburg,Germany,1496.7,8/27/2026,160
42,Bodo/Glimt,Norway,1496.1,8/27/2026,327
43,Al-Nassr,Saudi-Arabia,1495.4,8/27/2026,2939
44,1899 Hoffenheim,Germany,1488.2,8/27/2026,167
45,Al-Ahli Jeddah,Saudi-Arabia,1486.4,8/27/2026,2929
46,Valencia,Spain,1486.4,8/27/2026,532
47,Tottenham,England,1478.3,8/27/2026,47
48,Lyon,France,1474.7,8/27/2026,80
49,Lille,France,1474.1,8/27/2026,79
50,Monaco,France,1473.6,8/27/2026,91
51,West Ham,England,1470.1,8/27/2026,48
52,Marseille,France,1469.4,8/27/2026,81
53,Rayo Vallecano,Spain,1467.8,8/27/2026,728
54,Rennes,France,1467.2,8/27/2026,94
55,Celta Vigo,Spain,1465.3,8/27/2026,538
56,Palmeiras,Brazil,1461.2,8/27/2026,121
57,Al-Qadisiyah FC,Saudi-Arabia,1456.8,8/27/2026,2933
58,Independiente del Valle,Ecuador,1454.7,8/27/2026,1153
59,Real Sociedad,Spain,1454.7,8/27/2026,548
60,Zenit Saint Petersburg,Russia,1454.3,8/27/2026,596
61,Lazio,Italy,1454.2,8/27/2026,487
62,Union St. Gilloise,Belgium,1450.2,8/27/2026,1393
63,Krasnodar,Russia,1445.6,8/27/2026,621
64,Alaves,Spain,1444.3,8/27/2026,542
65,Bologna,Italy,1442.7,8/27/2026,500
66,Flamengo,Brazil,1442.5,8/27/2026,127
67,Fiorentina,Italy,1441.1,8/27/2026,502
68,SC Braga,Portugal,1440.2,8/27/2026,217
69,FSV Mainz 05,Germany,1440.0,8/27/2026,164
70,Osasuna,Spain,1435.0,8/27/2026,727
71,Udinese,Italy,1434.5,8/27/2026,494
72,Orlando Pirates,South-Africa,1433.8,8/27/2026,2700
73,Sevilla,Spain,1423.9,8/27/2026,536
74,Sunderland,England,1422.0,8/27/2026,746
75,Olympiakos Piraeus,Greece,1419.4,8/27/2026,553
76,AEK Athens FC,Greece,1419.2,8/27/2026,575
77,Getafe,Spain,1418.9,8/27/2026,546
78,Kashima,Japan,1416.2,8/27/2026,290
79,Fenerbahçe,Turkey,1411.7,8/27/2026,611
80,Eintracht Frankfurt,Germany,1409.1,8/27/2026,169
81,Strasbourg,France,1408.6,8/27/2026,95
82,AZ Alkmaar,Netherlands,1407.4,8/27/2026,201
83,FC Augsburg,Germany,1407.2,8/27/2026,170
84,Celtic,Scotland,1404.6,8/27/2026,247
85,Espanyol,Spain,1402.8,8/27/2026,540
86,Slavia Praha,Czech-Republic,1400.7,8/27/2026,560
87,Borussia Monchengladbach,Germany,1399.4,8/27/2026,163
88,Levante,Spain,1396.9,8/27/2026,539
89,Al Ula,Saudi-Arabia,1396.6,8/27/2026,26357
90,Athletic Club,Spain,1394.0,8/27/2026,531
91,Young Africans,Tanzania,1390.4,8/27/2026,5370
92,Mallorca,Spain,1390.3,8/27/2026,798
93,Elche,Spain,1389.5,8/27/2026,797
94,Dinamo Zagreb,Croatia,1388.5,8/27/2026,620
95,Torino,Italy,1388.3,8/27/2026,503
96,FC Midtjylland,Denmark,1387.8,8/27/2026,397
97,Galatasaray,Turkey,1386.7,8/27/2026,645
98,Sassuolo,Italy,1386.2,8/27/2026,488
99,Ajax,Netherlands,1385.4,8/27/2026,194
100,Omonia Nicosia,Cyprus,1384.2,8/27/2026,3402
101,Machida Zelvia,Japan,1380.7,8/27/2026,303
102,Pyramids FC,Egypt,1380.5,8/27/2026,1036
103,Union Berlin,Germany,1380.3,8/27/2026,182
104,Mamelodi Sundowns,South-Africa,1379.1,8/27/2026,2699
105,Paris FC,France,1378.3,8/27/2026,114
106,Lask Linz,Austria,1377.2,8/27/2026,1026
107,Cagliari,Italy,1375.4,8/27/2026,490
108,Lorient,France,1374.7,8/27/2026,97
109,Spartak Moscow,Russia,1374.4,8/27/2026,558
110,Genoa,Italy,1373.4,8/27/2026,495
111,Girona,Spain,1372.4,8/27/2026,547
112,FK Crvena Zvezda,Serbia,1372.2,8/27/2026,598
113,Wolves,England,1370.0,8/27/2026,39
114,Hamburger SV,Germany,1367.7,8/27/2026,175
115,Shakhtar Donetsk,Ukraine,1367.0,8/27/2026,550
116,Al Ain,United-Arab-Emirates,1366.8,8/27/2026,2865
117,PAOK,Greece,1364.8,8/27/2026,619
118,Cruzeiro,Brazil,1364.2,8/27/2026,135
119,ES Tunis,Tunisia,1362.5,8/27/2026,980
120,Feyenoord,Netherlands,1361.2,8/27/2026,209
121,Toulouse,France,1359.3,8/27/2026,96
122,Al Ahly,Egypt,1356.3,8/27/2026,1577
123,Parma,Italy,1353.2,8/27/2026,523
124,Simba,Tanzania,1347.5,8/27/2026,6432
125,Auxerre,France,1345.0,8/27/2026,108
126,Viking,Norway,1343.9,8/27/2026,759
127,Twente,Netherlands,1343.2,8/27/2026,415
128,Werder Bremen,Germany,1339.2,8/27/2026,162
129,Sanfrecce Hiroshima,Japan,1338.7,8/27/2026,282
130,Fluminense,Brazil,1335.8,8/27/2026,124
131,Malaga,Spain,1335.3,8/27/2026,535
132,Club Africain,Tunisia,1335.1,8/27/2026,988
133,Racing Santander,Spain,1334.5,8/27/2026,4665
134,Nashville SC,USA,1332.9,8/27/2026,9569
135,Lecce,Italy,1332.5,8/27/2026,867
136,Al Diriyah,Saudi-Arabia,1331.8,8/27/2026,26738
137,Toluca,Mexico,1331.3,8/27/2026,2281
138,Venezia,Italy,1330.4,8/27/2026,517
139,Al-Ittihad FC,Saudi-Arabia,1328.3,8/27/2026,2938
140,Stade Brestois 29,France,1327.4,8/27/2026,106
141,Coventry,England,1326.2,8/27/2026,1346
142,Argentinos JRS,Argentina,1324.3,8/27/2026,458
143,Panathinaikos,Greece,1324.1,8/27/2026,617
144,Independ. Rivadavia,Argentina,1323.9,8/27/2026,473
145,Johor Darul Takzim FC,Malaysia,1323.6,8/27/2026,2523
146,Sturm Graz,Austria,1322.6,8/27/2026,637
147,CS Sfaxien,Tunisia,1322.3,8/27/2026,983
148,Nice,France,1322.0,8/27/2026,84
149,Zamalek SC,Egypt,1320.3,8/27/2026,1040
150,Abha,Saudi-Arabia,1319.5,8/27/2026,2951
151,Boca Juniors,Argentina,1318.3,8/27/2026,451
152,Frosinone,Italy,1318.2,8/27/2026,512
153,Ferencvarosi TC,Hungary,1317.2,8/27/2026,651
154,Ipswich,England,1316.1,8/27/2026,57
155,VfL Wolfsburg,Germany,1316.1,8/27/2026,161
156,Corinthians,Brazil,1315.9,8/27/2026,131
157,Inter Miami,USA,1315.6,8/27/2026,9568
158,1. FC Köln,Germany,1313.5,8/27/2026,192
159,Atletico-MG,Brazil,1312.8,8/27/2026,1062
160,Las Palmas,Spain,1312.6,8/27/2026,534
161,Maghreb Fès,Morocco,1311.7,8/27/2026,3453
162,Cruz Azul,Mexico,1309.9,8/27/2026,2295
163,Raja Casablanca,Morocco,1309.5,8/27/2026,976
164,Southampton,England,1309.4,8/27/2026,41
165,FAR Rabat,Morocco,1308.4,8/27/2026,969
166,Deportivo La Coruna,Spain,1308.2,8/27/2026,544
167,NEC Nijmegen,Netherlands,1308.1,8/27/2026,413
168,Famalicao,Portugal,1307.2,8/27/2026,242
169,Club America,Mexico,1306.0,8/27/2026,2287
170,Renaissance Berkane,Morocco,1305.9,8/27/2026,962
171,Al-Faisaly FC,Saudi-Arabia,1305.5,8/27/2026,2930
172,Red Bull Salzburg,Austria,1305.0,8/27/2026,571
173,Atletico Nacional,Colombia,1304.8,8/27/2026,1137
174,Rosario Central,Argentina,1302.8,8/27/2026,437
175,FC Copenhagen,Denmark,1300.3,8/27/2026,400
176,FC Nordsjaelland,Denmark,1300.0,8/27/2026,398
177,Petro de Luanda,Angola,1298.5,8/27/2026,4922
178,LDU de Quito,Ecuador,1297.8,8/27/2026,1158
179,Anderlecht,Belgium,1296.2,8/27/2026,554
180,Guadalajara Chivas,Mexico,1295.4,8/27/2026,2278
181,Genk,Belgium,1293.9,8/27/2026,742
182,Wadi Degla,Egypt,1293.7,8/27/2026,1046
183,Al-Raed,Saudi-Arabia,1293.5,8/27/2026,2935
184,Shabab Al Ahli Dubai,United-Arab-Emirates,1293.2,8/27/2026,2870
185,Azam,Tanzania,1292.6,8/27/2026,8057
186,Bahia,Brazil,1291.8,8/27/2026,118
187,Dinamo Moscow,Russia,1291.3,8/27/2026,1088
188,SC Paderborn 07,Germany,1291.1,8/27/2026,185
189,Hungry Lions,South-Africa,1290.0,8/27/2026,10561
190,AL Masry,Egypt,1289.4,8/27/2026,1031
191,Milford FC,South-Africa,1289.1,8/27/2026,22234
192,Slovan Bratislava,Slovakia,1288.5,8/27/2026,656
193,Vancouver Whitecaps,Canada,1286.8,8/27/2026,1603
194,Vissel Kobe,Japan,1286.2,8/27/2026,289
195,Burgos,Spain,1285.1,8/27/2026,9580
196,AEK Larnaca,Cyprus,1284.0,8/27/2026,614
197,Atletico Paranaense,Brazil,1283.7,8/27/2026,134
198,Pafos,Cyprus,1283.3,8/27/2026,3403
199,RB Bragantino,Brazil,1283.2,8/27/2026,794
200,CSKA Moscow,Russia,1283.1,8/27/2026,555
201,Estudiantes L.P.,Argentina,1283.0,8/27/2026,450
202,Los Angeles FC,USA,1282.6,8/27/2026,1616
203,Oviedo,Spain,1279.8,8/27/2026,718
204,Kaizer Chiefs,South-Africa,1279.7,8/27/2026,2691
205,Casric Stars,South-Africa,1278.4,8/27/2026,19997
206,Santos,Brazil,1277.5,8/27/2026,128
207,Dibba Al Hisn,United-Arab-Emirates,1277.3,8/27/2026,9140
208,Gamba Osaka,Japan,1276.7,8/27/2026,293
209,Le Havre,France,1276.2,8/27/2026,111
210,Velez Sarsfield,Argentina,1276.1,8/27/2026,438
211,Belgrano Cordoba,Argentina,1275.8,8/27/2026,440
212,Levski Sofia,Bulgaria,1275.7,8/27/2026,646
213,Beşiktaş,Turkey,1275.6,8/27/2026,549
214,SV Elversberg,Germany,1275.6,8/27/2026,1660
215,CR Belouizdad,Algeria,1275.6,8/27/2026,904
216,Almeria,Spain,1274.7,8/27/2026,723
217,Sparta Praha,Czech-Republic,1273.9,8/27/2026,628
218,Castellón,Spain,1273.6,8/27/2026,5254
219,Chicago Fire,USA,1273.4,8/27/2026,1607
220,Plzen,Czech-Republic,1273.4,8/27/2026,567
221,Al Orubah,Saudi-Arabia,1272.5,8/27/2026,2961
222,Golden Arrows,South-Africa,1272.2,8/27/2026,2690
223,Penarol,Uruguay,1271.5,8/27/2026,2348
224,FC Schalke 04,Germany,1271.2,8/27/2026,174
225,Monza,Italy,1270.6,8/27/2026,1579
226,Rangers,New-Zealand,1270.1,8/27/2026,257
227,Burnley,England,1269.3,8/27/2026,44
228,St. Truiden,Belgium,1268.2,8/27/2026,735
229,Cerezo Osaka,Japan,1268.0,8/27/2026,291
230,Al Urooba,United-Arab-Emirates,1266.8,8/27/2026,9139
231,Eibar,Spain,1266.7,8/27/2026,545
232,Cremonese,Italy,1266.6,8/27/2026,520
233,Millwall,England,1265.9,8/27/2026,58
234,FC Seoul,South-Korea,1265.2,8/27/2026,2766
235,Heart Of Midlothian,Scotland,1264.5,8/27/2026,254
236,Nacional Asuncion,Paraguay,1264.3,8/27/2026,1175
237,Port FC,Thailand,1264.3,8/27/2026,2789
238,Vasco DA Gama,Brazil,1264.2,8/27/2026,133
239,FC Cincinnati,USA,1263.4,8/27/2026,2242
240,Kashiwa Reysol,Japan,1263.3,8/27/2026,281
241,Utrecht,Netherlands,1263.1,8/27/2026,207
242,Palermo,Italy,1263.0,8/27/2026,522
243,Cerro Porteno,Paraguay,1262.6,8/27/2026,1176
244,Cape Town City,South-Africa,1262.3,8/27/2026,2697
245,Al Jabalain,Saudi-Arabia,1261.8,8/27/2026,2958
246,JS Saoura,Algeria,1261.8,8/27/2026,914
247,Arouca,Portugal,1261.2,8/27/2026,240
248,Internacional,Brazil,1260.8,8/27/2026,119
249,MC Alger,Algeria,1256.4,8/27/2026,906
250,U.N.A.M. - Pumas,Mexico,1255.1,8/27/2026,2286
251,Sabah FA,Azerbaijan,1253.9,8/27/2026,13976
252,Universidad Catolica,Ecuador,1253.9,8/27/2026,1157
253,Charleroi,Belgium,1253.5,8/27/2026,736
254,Macara,Ecuador,1253.2,8/27/2026,1155
255,NEOM,Saudi-Arabia,1253.1,8/27/2026,10513
256,Mirassol,Brazil,1252.7,8/27/2026,7848
257,America de Cali,Colombia,1252.6,8/27/2026,1138
258,Independiente,Argentina,1251.5,8/27/2026,453
259,Jeonbuk Motors,South-Korea,1251.2,8/27/2026,2762
260,GIL Vicente,Portugal,1251.0,8/27/2026,762
261,Botafogo,Brazil,1250.1,8/27/2026,120
262,FC Dallas,USA,1250.0,8/27/2026,1597
263,FC Tokyo,Japan,1249.8,8/27/2026,292
264,River Plate,Argentina,1249.5,8/27/2026,435
265,Racing Club,Argentina,1249.1,8/27/2026,436
266,Angers,France,1248.3,8/27/2026,77
267,Hatta SC,United-Arab-Emirates,1248.3,8/27/2026,2869
268,Tigres UANL,Mexico,1247.4,8/27/2026,2279
269,HNK Hajduk Split,Croatia,1246.4,8/27/2026,608
270,Reims,France,1245.6,8/27/2026,93
271,Estac Troyes,France,1245.5,8/27/2026,110
272,Sao Paulo,Brazil,1244.5,8/27/2026,126
273,Brann,Norway,1244.3,8/27/2026,319
274,Kruger United,South-Africa,1244.0,8/27/2026,24759
275,Dynamo Kyiv,Ukraine,1243.6,8/27/2026,572
276,Olimpia,Paraguay,1243.3,8/27/2026,1182
277,Lech Poznan,Poland,1242.7,8/27/2026,347
278,Al-Wasl FC,United-Arab-Emirates,1241.8,8/27/2026,2872
279,Aarhus,Denmark,1240.6,8/27/2026,406
280,Trabzonspor,Turkey,1240.4,8/27/2026,998
281,FC Heidenheim,Germany,1239.6,8/27/2026,180
282,Heerenveen,Netherlands,1239.5,8/27/2026,210
283,Vitoria,Brazil,1239.0,8/27/2026,136
284,Guimaraes,Portugal,1238.8,8/27/2026,224
285,Hannover 96,Germany,1238.7,8/27/2026,166
286,Santa Fe,Colombia,1238.6,8/27/2026,1139
287,Gremio,Brazil,1238.5,8/27/2026,130
288,Santa Clara,Portugal,1237.6,8/27/2026,227
289,San Diego,USA,1236.5,8/27/2026,25484
290,Sporting Gijon,Spain,1235.4,8/27/2026,731
291,Aris Thessalonikis,Greece,1235.4,8/27/2026,1123
292,St. Louis City,USA,1235.0,8/27/2026,20787
293,Groningen,Netherlands,1234.8,8/27/2026,202
294,Hertha Berlin,Germany,1234.8,8/27/2026,159
295,Masr,Egypt,1234.6,8/27/2026,7520
296,Al Taawon,Saudi-Arabia,1234.4,8/27/2026,2936
297,Dubai United,United-Arab-Emirates,1233.5,8/27/2026,22321
298,FC Lugano,Switzerland,1232.6,8/27/2026,606
299,Al-Ettifaq,Saudi-Arabia,1232.4,8/27/2026,2934
300,CF Pachuca,Mexico,1232.4,8/27/2026,2292
301,Rapid Vienna,Austria,1232.0,8/27/2026,781
302,Gent,Belgium,1231.9,8/27/2026,631
303,Brondby,Denmark,1230.2,8/27/2026,407
304,Tractor Sazi,Iran,1229.6,8/27/2026,2737
305,Ceramica Cleopatra,Egypt,1229.5,8/27/2026,14651
306,Amazulu,South-Africa,1228.9,8/27/2026,2669
307,Stade Tunisien,Tunisia,1228.7,8/27/2026,991
308,Charlotte,USA,1228.0,8/27/2026,18310
309,Enppi,Egypt,1227.5,8/27/2026,1037
310,Tigre,Argentina,1226.8,8/27/2026,452
311,Albacete,Spain,1226.1,8/27/2026,722
312,Al Ahli Wad Medani,Sudan,1226.1,8/27/2026,5543
313,FC St. Pauli,Germany,1225.8,8/27/2026,186
314,12 de Junio VH,Paraguay,1225.5,8/27/2026,23154
315,Hull City,England,1225.4,8/27/2026,64
316,1º de Agosto,Angola,1224.9,8/27/2026,4913
317,Instituto Cordoba,Argentina,1223.9,8/27/2026,478
318,El Gouna FC,Egypt,1223.5,8/27/2026,1574
319,Rodez,France,1222.1,8/27/2026,1301
320,Middlesbrough,England,1221.3,8/27/2026,70
321,ES Zarzis,Tunisia,1220.9,8/27/2026,989
322,Vfl Bochum,Germany,1220.4,8/27/2026,176
323,Highbury,South-Africa,1220.3,8/27/2026,24758
324,Samsunspor,Turkey,1219.5,8/27/2026,3603
325,Portland Timbers,USA,1218.9,8/27/2026,1617
326,Gimnasia L.P.,Argentina,1218.9,8/27/2026,434
327,Scafatese,Italy,1218.5,8/27/2026,24701
328,Apollon Limassol,Cyprus,1218.3,8/27/2026,602
329,Ittihad Tanger,Morocco,1218.2,8/27/2026,974
330,Yokohama F. Marinos,Japan,1218.0,8/27/2026,296
331,Houston Dynamo,USA,1217.8,8/27/2026,1600
332,Lokomotiv Moscow,Russia,1217.8,8/27/2026,597
333,Atletico Torque,Uruguay,1217.6,8/27/2026,2365
334,Difaa EL Jadida,Morocco,1217.4,8/27/2026,964
335,Al-Hilal Omdurman II,Sudan,1217.2,8/27/2026,27328
336,Bolívar,Bolivia,1217.0,8/27/2026,3702
337,Saint Etienne,France,1217.0,8/27/2026,1063
338,FC Nurnberg,Germany,1216.7,8/27/2026,171
339,Wiliete,Angola,1216.5,8/27/2026,6383
340,Huracan,Argentina,1216.3,8/27/2026,445
341,Monterrey,Mexico,1216.3,8/27/2026,2282
342,Buriram United,Thailand,1216.3,8/27/2026,2780
343,Kawkab Marrakech,Morocco,1215.4,8/27/2026,971
344,Leon,Italy,1215.4,8/27/2026,2289
345,Sekhukhune United,South-Africa,1215.4,8/27/2026,15537
346,Daejeon Citizen,South-Korea,1213.4,8/27/2026,2750
347,GO Ahead Eagles,Netherlands,1213.0,8/27/2026,410
348,Hradec Králové,Czech-Republic,1212.9,8/27/2026,3723
349,Standard Liege,Belgium,1212.4,8/27/2026,733
350,Petrojet,Egypt,1211.8,8/27/2026,1041
351,El Geish,Egypt,1211.7,8/27/2026,1039
352,Club Tijuana,Mexico,1211.2,8/27/2026,2280
353,Qarabag,Azerbaijan,1210.8,8/27/2026,556
354,El Mokawloon,Egypt,1210.1,8/27/2026,1575
355,Maccabi Tel Aviv,Israel,1209.5,8/27/2026,604
356,Sportivo Trinidense,Paraguay,1209.4,8/27/2026,1187
357,Al-Jazira,Kuwait,1209.1,8/27/2026,2871
358,Hapoel Beer Sheva,Israel,1208.4,8/27/2026,563
359,Le Mans,France,1207.8,8/27/2026,1298
360,FC Andorra,Spain,1207.5,8/27/2026,8157
361,Al-Hazm,Saudi-Arabia,1207.0,8/27/2026,2945
362,Barcelona SC,Ecuador,1206.4,8/27/2026,1152
363,Hellas Verona,Italy,1206.3,8/27/2026,504
364,BSC Young Boys,Switzerland,1206.0,8/27/2026,565
365,Arkadag,Turkmenistan,1206.0,8/27/2026,21232
366,Al-Rayyan SC,Qatar,1205.3,8/27/2026,2897
367,Coritiba,Brazil,1204.7,8/27/2026,147
368,Al Zulfi,Saudi-Arabia,1204.4,8/27/2026,10524
369,National Bank of Egypt,Egypt,1204.0,8/27/2026,15570
370,Başakşehir,Turkey,1203.6,8/27/2026,564
371,Aucas,Ecuador,1203.4,8/27/2026,1156
372,New York City FC,USA,1203.4,8/27/2026,1604
373,Once Caldas,Colombia,1203.3,8/27/2026,1136
374,Dunajska Streda,Slovakia,1202.8,8/27/2026,2257
375,Viborg,Denmark,1202.1,8/27/2026,2070
376,Austria Vienna,Austria,1202.0,8/27/2026,601
377,Atletico Tucuman,Argentina,1201.9,8/27/2026,455
378,Hammarby FF,Sweden,1201.5,8/27/2026,363
379,Minnesota United FC,USA,1201.4,8/27/2026,1612
380,Riga,Latvia,1201.3,8/27/2026,10124
381,FC ST. Gallen,Switzerland,1201.0,8/27/2026,1011
382,Borac Banja Luka,Bosnia,1200.7,8/27/2026,3364
383,SOL DE America,Paraguay,1200.7,8/27/2026,1177
384,JS Kabylie,Algeria,1199.6,8/27/2026,918
385,Al Ittihad,Egypt,1199.4,8/27/2026,1572
386,Deportivo Santani,Paraguay,1199.2,8/27/2026,1189
387,Tromso,Norway,1198.9,8/27/2026,325
388,Zulte Waregem,Belgium,1198.8,8/27/2026,600
389,FK Jablonec,Czech-Republic,1198.3,8/27/2026,1122
390,Baltika,Russia,1198.3,8/27/2026,2006
391,Polisi Tanzania,Tanzania,1198.2,8/27/2026,12199
392,OFI,Greece,1198.1,8/27/2026,1124
393,Cordoba,Spain,1198.0,8/27/2026,713
394,Foolad FC,Iran,1198.0,8/27/2026,2734
395,Polessya,Ukraine,1197.8,8/27/2026,6496
396,Levadiakos,Greece,1197.1,8/27/2026,957
397,Tenerife,Spain,1196.8,8/27/2026,719
398,Millonarios,Colombia,1196.6,8/27/2026,1125
399,Al Arabi,United-Arab-Emirates,1196.2,8/27/2026,9135
400,Al Kholood,Saudi-Arabia,1195.8,8/27/2026,10509
401,Durban City,South-Africa,1195.7,8/27/2026,24757
402,Holstein Kiel,Germany,1195.5,8/27/2026,191
403,Colo Colo,Chile,1195.4,8/27/2026,2315
404,Lincoln,England,1195.2,8/27/2026,1379
405,UTS Rabat,Morocco,1195.1,8/27/2026,14806
406,Fortaleza EC,Brazil,1194.1,8/27/2026,154
407,Orlando City SC,USA,1194.1,8/27/2026,1598
408,HNK Rijeka,Croatia,1193.9,8/27/2026,561
409,Norwich,England,1193.6,8/27/2026,71
410,Granada CF,Spain,1192.3,8/27/2026,715
411,Esteghlal FC,Iran,1192.2,8/27/2026,2733
412,Montpellier,France,1192.1,8/27/2026,82
413,Libertad,Ecuador,1191.6,8/27/2026,18762
414,Beitar Jerusalem,Israel,1191.3,8/27/2026,657
415,Sarmiento Junin,Argentina,1191.0,8/27/2026,474
416,FUS Rabat,Morocco,1190.9,8/27/2026,977
417,Nantes,France,1190.2,8/27/2026,83
418,USM Alger,Algeria,1189.8,8/27/2026,910
419,Independiente Medellin,Colombia,1189.4,8/27/2026,1128
420,MC Oran,Algeria,1189.4,8/27/2026,907
421,Polokwane City,South-Africa,1189.3,8/27/2026,2693
422,Kawasaki Frontale,Japan,1189.2,8/27/2026,294
423,FC Kaiserslautern,Germany,1189.0,8/27/2026,745
424,Lerumo Lions,South-Africa,1188.8,8/27/2026,25526
425,Antwerp,Belgium,1188.6,8/27/2026,740
426,Al Anwar,Saudi-Arabia,1188.5,8/27/2026,10503
427,Atlas,Mexico,1188.3,8/27/2026,2283
428,FC Sion,Switzerland,1188.1,8/27/2026,630
429,Philadelphia Union,USA,1187.4,8/27/2026,1599
430,Sirius,Sweden,1187.0,8/27/2026,370
431,Hibernian,Scotland,1186.2,8/27/2026,249
432,Moreirense,Portugal,1186.1,8/27/2026,215
433,Motherwell,Scotland,1185.9,8/27/2026,256
434,Sheffield Utd,England,1185.9,8/27/2026,62
435,Juventude,Brazil,1185.8,8/27/2026,152
436,Gyori ETO FC,Hungary,1185.1,8/27/2026,2402
437,Seattle Sounders,USA,1185.1,8/27/2026,1595
438,Nacional,Portugal,1184.8,8/27/2026,225
439,Estoril,Portugal,1184.7,8/27/2026,230
440,Neftchi,Uzbekistan,1184.4,8/27/2026,4217
441,US Monastirienne,Tunisia,1183.9,8/27/2026,992
442,Ludogorets,Bulgaria,1183.4,8/27/2026,566
443,Fagiano Okayama,Japan,1182.8,8/27/2026,310
444,Leganes,Spain,1182.6,8/27/2026,537
445,FC Levadia Tallinn,Estonia,1182.4,8/27/2026,2273
446,Telstar,Netherlands,1182.1,8/27/2026,427
447,Lanus,Argentina,1182.0,8/27/2026,446
448,Al Sadd,Qatar,1181.4,8/27/2026,2895
449,Catanzaro,Italy,1181.2,8/27/2026,1687
450,Upington City,South-Africa,1180.8,8/27/2026,22235
451,Al-Fayha,Saudi-Arabia,1179.9,8/27/2026,2944
452,Novorizontino,Brazil,1179.8,8/27/2026,7834
453,Yacoub El Mansour,Morocco,1179.3,8/27/2026,25058
454,Pakhtakor,Uzbekistan,1179.2,8/27/2026,4220
455,ES Setif,Algeria,1178.2,8/27/2026,905
456,Columbus Crew,USA,1178.2,8/27/2026,1613
457,San Lorenzo,Argentina,1177.3,8/27/2026,460
458,General Caballero,Paraguay,1177.1,8/27/2026,1181
459,Rio Ave,Portugal,1176.6,8/27/2026,226
460,Gangwon FC,South-Korea,1176.2,8/27/2026,2746
461,Al-Merreikh II,Sudan,1176.0,8/27/2026,27329
462,Future FC,Egypt,1174.4,8/27/2026,16431
463,CR Khemis Zemamra,Morocco,1174.0,8/27/2026,3449
464,Sparta Rotterdam,Netherlands,1173.6,8/27/2026,426
465,Karlsruher SC,Germany,1173.5,8/27/2026,785
466,Deportes Tolima,Colombia,1173.5,8/27/2026,1142
467,ASEC Mimosas,Ivory-Coast,1173.4,8/27/2026,4512
468,Wydad AC,Morocco,1173.2,8/27/2026,968
469,Libertad Asuncion,Paraguay,1173.2,8/27/2026,1179
470,Al Hilal Port Sudan,Sudan,1173.0,8/27/2026,15595
471,SV Darmstadt 98,Germany,1172.9,8/27/2026,181
472,Colorado Rapids,USA,1172.8,8/27/2026,1610
473,Liverpool Montevideo,Uruguay,1172.8,8/27/2026,2358
474,Khenchela,Algeria,1172.7,8/27/2026,10752
475,Al Thaid,United-Arab-Emirates,1172.3,8/27/2026,9138
476,Deportivo Maldonado,Uruguay,1172.0,8/27/2026,2370
477,NK Varazdin,Croatia,1171.7,8/27/2026,1483
478,Swansea,England,1171.1,8/27/2026,76
479,Wolfsberger AC,Austria,1171.1,8/27/2026,1025
480,Racing Montevideo,Uruguay,1171.1,8/27/2026,2359
481,Wrexham,England,1171.0,8/27/2026,1837
482,Real Salt Lake,USA,1170.9,8/27/2026,1606
483,Dinamo Minsk,Belarus,1170.7,8/27/2026,394
484,FK Partizan,Serbia,1170.6,8/27/2026,573
485,The Bees,South-Africa,1170.6,8/27/2026,25529
486,CS Constantine,Algeria,1170.4,8/27/2026,911
487,Alverca,Portugal,1170.2,8/27/2026,4724
488,Ben Aknoun,Algeria,1170.1,8/27/2026,10792
489,Ratchaburi,Thailand,1169.9,8/27/2026,2776
490,Nagoya Grampus,Japan,1169.9,8/27/2026,288
491,Smouha SC,Egypt,1169.8,8/27/2026,1044
492,Annecy,France,1169.2,8/27/2026,3012
493,Birmingham,England,1169.2,8/27/2026,54
494,Siwelele,South-Africa,1169.1,8/27/2026,26299
495,Urawa,Japan,1168.9,8/27/2026,287
496,Al Wehda Club,Saudi-Arabia,1168.3,8/27/2026,2937
497,Excelsior,Netherlands,1168.2,8/27/2026,196
498,Union Santa Fe,Argentina,1168.1,8/27/2026,441
499,FC Magdeburg,Germany,1167.9,8/27/2026,179
500,Ascoli,Italy,1167.8,8/27/2026,507
501,Akhmat Grozny,Russia,1166.6,8/27/2026,1085
502,Rubin,Russia,1166.5,8/27/2026,1083
503,Mjallby AIF,Sweden,1166.3,8/27/2026,2240
504,Club Queretaro,Mexico,1166.1,8/27/2026,2290
505,Defensa Y Justicia,Argentina,1166.0,8/27/2026,442
506,FC Rostov,Russia,1165.9,8/27/2026,779
507,West Brom,England,1165.8,8/27/2026,60
508,Vojvodina,Serbia,1165.7,8/27/2026,702
509,Hassania Agadir,Morocco,1165.6,8/27/2026,973
510,TSV Hartberg,Austria,1165.1,8/27/2026,1072
511,Desportivo Huíla,Angola,1164.8,8/27/2026,4918
512,Ghazl El Mehalla,Egypt,1164.6,8/27/2026,13819
513,Sigma Olomouc,Czech-Republic,1163.6,8/27/2026,2250
514,Always Ready,Bolivia,1163.5,8/27/2026,3700
515,Arminia Bielefeld,Germany,1163.5,8/27/2026,188
516,Karpaty,Ukraine,1163.5,8/27/2026,3617
517,SK Beveren,Belgium,1162.6,8/27/2026,738
518,2 de Mayo,Paraguay,1162.2,8/27/2026,2140
519,Dynamo Dresden,Germany,1161.9,8/27/2026,183
520,Spartak Trnava,Slovakia,1161.3,8/27/2026,1120
521,Aris,Cyprus,1160.9,8/27/2026,3408
522,Gol Gohar,Iran,1160.4,8/27/2026,2714
523,New England Revolution,USA,1160.2,8/27/2026,1609
524,Celje,Slovenia,1160.1,8/27/2026,4360
525,CODM Meknès,Morocco,1160.1,8/27/2026,22218
526,Venda FC,South-Africa,1159.4,8/27/2026,17357
527,Sportivo Ameliano,Paraguay,1159.2,8/27/2026,10487
528,Universidad de Chile,Chile,1159.1,8/27/2026,2323
529,Lincoln Red Imps FC,Gibraltar,1159.1,8/27/2026,667
530,Gomora United FC,South-Africa,1158.4,8/27/2026,26396
531,Al Hamriyah,United-Arab-Emirates,1158.3,8/27/2026,9137
532,Olympique Dcheïra,Morocco,1158.0,8/27/2026,3454
533,Dinamo Makhachkala,Russia,1157.8,8/27/2026,6813
534,Kalamata,Greece,1157.7,8/27/2026,5046
535,Remo,Brazil,1157.6,8/27/2026,1198
536,BG Pathum United,Thailand,1157.2,8/27/2026,2769
537,U. Catolica,Chile,1157.1,8/27/2026,2994
538,Gimcheon Sangmu FC,South-Korea,1156.9,8/27/2026,2768
539,LNZ Cherkasy,Ukraine,1156.3,8/27/2026,17161
540,Deportivo Riestra,Argentina,1156.2,8/27/2026,476
541,Tabora United,Tanzania,1156.1,8/27/2026,22175
542,Olympique Akbou,Algeria,1155.9,8/27/2026,10780
543,Deportivo Recoleta,Paraguay,1155.6,8/27/2026,10476
544,Dnipro-1,Ukraine,1155.5,8/27/2026,3623
545,FC Anyang,South-Korea,1155.3,8/27/2026,2748
546,TS Galaxy,South-Africa,1155.2,8/27/2026,8074
547,Platense,Argentina,1155.2,8/27/2026,1064
548,Jeju United FC,South-Korea,1154.8,8/27/2026,2761
549,AD Ceuta FC,Spain,1154.3,8/27/2026,10139
550,Junior,Colombia,1154.1,8/27/2026,1135
551,Mantova,Italy,1153.4,8/27/2026,1693
552,Stellenbosch,South-Africa,1152.5,8/27/2026,4905
553,Club Guarani,Paraguay,1152.2,8/27/2026,1174
554,Coquimbo Unido,Chile,1152.1,8/27/2026,2330
555,Al Nasr,United-Arab-Emirates,1151.8,8/27/2026,10155
556,Barracas Central,Argentina,1151.3,8/27/2026,2432
557,Pastoreo,Paraguay,1151.2,8/27/2026,18311
558,Slovan Liberec,Czech-Republic,1151.0,8/27/2026,782
559,Richards Bay,South-Africa,1150.7,8/27/2026,10567
560,Interclube,Angola,1150.6,8/27/2026,4920
561,Al Wahda FC,United-Arab-Emirates,1150.5,8/27/2026,2875
562,San Jose Earthquakes,USA,1150.3,8/27/2026,1596
563,Metz,France,1150.3,8/27/2026,112
564,Leones del Norte,Ecuador,1149.3,8/27/2026,19034
565,Pisa,Italy,1149.1,8/27/2026,801
566,CS Universitatea Craiova,Romania,1148.1,8/27/2026,632
567,Prachuap,Thailand,1147.7,8/27/2026,2791
568,Newells Old Boys,Argentina,1146.3,8/27/2026,457
569,ES Metlaoui,Tunisia,1146.2,8/27/2026,984
570,Kahraba Ismailia,Egypt,1145.7,8/27/2026,20458
571,Magesi,South-Africa,1145.4,8/27/2026,19999
572,Olympique Safi,Morocco,1145.3,8/27/2026,975
573,Derby,England,1144.9,8/27/2026,69
574,PEC Zwolle,Netherlands,1144.7,8/27/2026,193
575,Djurgardens IF,Sweden,1144.5,8/27/2026,364
576,Black Leopards,South-Africa,1143.7,8/27/2026,2661
577,Sepahan FC,Iran,1143.5,8/27/2026,2744
578,Atromitos,Greece,1142.9,8/27/2026,12260
579,Club Nacional,Uruguay,1142.4,8/27/2026,2356
580,ES Sahel,Tunisia,1142.3,8/27/2026,990
581,Göztepe,Turkey,1142.1,8/27/2026,994
582,University of Pretoria,South-Africa,1141.1,8/27/2026,10569
583,Kyoto Sanga,Japan,1140.2,8/27/2026,302
584,Kuching FA,Malaysia,1140.1,8/27/2026,10108
585,Persepolis FC,Iran,1139.9,8/27/2026,2742
586,Los Angeles Galaxy,USA,1139.4,8/27/2026,1605
587,CSKA Sofia,Bulgaria,1139.4,8/27/2026,853
588,Deportivo Cali,Colombia,1139.4,8/27/2026,1127
589,Al Hussein,Jordan,1139.2,8/27/2026,4532
590,Al-Fateh,Saudi-Arabia,1139.1,8/27/2026,2931
591,Banfield,Argentina,1139.1,8/27/2026,449
592,Arezzo,Italy,1138.9,8/27/2026,876
593,Real Sociedad II,Spain,1138.7,8/27/2026,9585
594,Lillestrom,Norway,1137.8,8/27/2026,321
595,Rosenborg,Norway,1137.8,8/27/2026,331
596,Benevento,Italy,1137.5,8/27/2026,506
597,Al Taee,Saudi-Arabia,1136.8,8/27/2026,2942
598,Công An Nhân Dân,Vietnam,1136.7,8/27/2026,16400
599,Pohang Steelers,South-Korea,1136.7,8/27/2026,2764
600,Al Riyadh,Saudi-Arabia,1136.7,8/27/2026,10511
601,Avispa Fukuoka,Japan,1136.4,8/27/2026,316
602,Austin,USA,1136.3,8/27/2026,16489
603,Djoliba,Mali,1136.1,8/27/2026,8060
604,KV Mechelen,Belgium,1135.9,8/27/2026,266
605,Toronto FC,Canada,1135.7,8/27/2026,1601
606,Erbil,Iraq,1135.2,8/27/2026,11070
607,Talleres Cordoba,Argentina,1135.1,8/27/2026,456
608,Cercle Brugge,Belgium,1134.7,8/27/2026,741
609,Bucheon FC 1995,South-Korea,1134.7,8/27/2026,2745
610,Portsmouth,England,1134.5,8/27/2026,1355
611,Necaxa,Mexico,1134.5,8/27/2026,2288
612,Stade Malien Bamako,Mali,1134.1,8/27/2026,6434
613,Kairat Almaty,Kazakhstan,1133.6,8/27/2026,664
614,Singida Black Stars,Tanzania,1133.4,8/27/2026,24353
615,Ulsan Hyundai FC,South-Korea,1132.9,8/27/2026,2767
616,Molde,Norway,1132.2,8/27/2026,329
617,FC Noah,Armenia,1131.7,8/27/2026,3684
618,Jeddah Club,Saudi-Arabia,1131.2,8/27/2026,2947
619,US Ben Guerdane,Tunisia,1131.2,8/27/2026,986
620,Mushuc Runa SC,Ecuador,1130.8,8/27/2026,1162
621,Chadormalu SC,Iran,1130.7,8/27/2026,20299
622,Central Cordoba de Santiago,Argentina,1130.7,8/27/2026,1065
623,Krylya Sovetov,Russia,1130.4,8/27/2026,1079
624,Hapoel Tel Aviv,Israel,1129.9,8/27/2026,4501
625,Blackburn,England,1129.8,8/27/2026,67
626,FC Kharkiv,Ukraine,1129.5,8/27/2026,3628
627,Al Quwa Al Jawiya,Iraq,1129.4,8/27/2026,8009
628,Ajman,United-Arab-Emirates,1129.2,8/27/2026,2879
629,Fortuna Sittard,Netherlands,1128.5,8/27/2026,205
630,Pistoiese,Italy,1128.0,8/27/2026,1589
631,RED Star FC 93,France,1127.9,8/27/2026,104
632,Modena,Italy,1127.9,8/27/2026,899
633,Jagiellonia,Poland,1127.6,8/27/2026,336
634,Kabuscorp,Angola,1127.5,8/27/2026,4929
635,Apoel Nicosia,Cyprus,1127.5,8/27/2026,2247
636,Mirandes,Spain,1127.3,8/27/2026,799
637,Al Khaleej Saihat,Saudi-Arabia,1127.2,8/27/2026,2928
638,Emelec,Ecuador,1126.5,8/27/2026,1148
639,AFAD,Ivory-Coast,1126.4,8/27/2026,4511
640,Empoli,Italy,1126.4,8/27/2026,511
641,Vicenza Virtus,Italy,1126.3,8/27/2026,1584
642,Ried,Austria,1126.2,8/27/2026,1028
643,Atletico San Luis,Mexico,1126.2,8/27/2026,2314
644,Hirnyk,Ukraine,1125.9,8/27/2026,6489
645,Umm Mughad,Sudan,1124.9,8/27/2026,25524
646,FC Isloch Minsk R.,Belarus,1124.8,8/27/2026,391
647,ML Vitebsk,Belarus,1124.7,8/27/2026,7808
648,Midlands Wanderers,South-Africa,1124.1,8/27/2026,26397
649,FC Juarez,Mexico,1124.1,8/27/2026,2298
650,Estrela,Portugal,1124.0,8/27/2026,15130
651,Leicesterfield,South-Africa,1123.8,8/27/2026,26434
652,Power Dynamos,Zambia,1123.5,8/27/2026,5211
653,Gimnasia M.,Argentina,1123.3,8/27/2026,1066
654,Zorya Luhansk,Ukraine,1123.1,8/27/2026,599
655,Alemannia Aachen,Germany,1123.0,8/27/2026,4259
656,MB Rouisset,Algeria,1123.0,8/27/2026,10777
657,Resistencia,Paraguay,1122.7,8/27/2026,2135
658,Tampines Rovers,Singapore,1122.5,8/27/2026,4206
659,Sport Recife,Brazil,1120.8,8/27/2026,123
660,FC Differdange 03,Luxembourg,1120.6,8/27/2026,684
661,Selangor,Malaysia,1120.1,8/27/2026,2526
662,Shkendija,Macedonia,1119.9,8/27/2026,609
663,Juve Stabia,Italy,1119.4,8/27/2026,863
664,Damac,Saudi-Arabia,1119.0,8/27/2026,2956
665,Legia Warszawa,Poland,1119.0,8/27/2026,339
666,Al Saqer,Saudi-Arabia,1118.6,8/27/2026,27480
667,Casa Pia,Portugal,1118.5,8/27/2026,4716
668,Mlada Boleslav,Czech-Republic,1118.5,8/27/2026,640
669,Criciuma,Brazil,1117.8,8/27/2026,140
670,Maritimo,Portugal,1117.7,8/27/2026,214
671,KVC Westerlo,Belgium,1117.5,8/27/2026,261
672,Águilas Doradas,Colombia,1117.5,8/27/2026,1144
673,Rubio NU,Paraguay,1117.0,8/27/2026,1185
674,Universitatea Cluj,Romania,1116.6,8/27/2026,2599
675,Guayaquil City FC,Ecuador,1116.6,8/27/2026,1159
676,VfL Osnabruck,Germany,1116.6,8/27/2026,1324
677,Eintracht Braunschweig,Germany,1116.5,8/27/2026,744
678,CA Bizertin,Tunisia,1116.5,8/27/2026,981
679,Independiente F.b.c.,Paraguay,1116.4,8/27/2026,1186
680,Celta de Vigo II,Spain,1116.4,8/27/2026,9571
681,Žilina,Slovakia,1116.1,8/27/2026,3554
682,Haidob En Nahud,Sudan,1116.0,8/27/2026,20467
683,Llaneros,Colombia,1115.7,8/27/2026,1464
684,Al Shabab,Saudi-Arabia,1115.5,8/27/2026,2940
685,Deportivo Capiata,Paraguay,1115.3,8/27/2026,1180
686,Orense SC,Ecuador,1115.0,8/27/2026,1992
687,Villarreal II,Spain,1114.0,8/27/2026,9595
688,BK Hacken,Sweden,1113.7,8/27/2026,367
689,ASO Chlef,Algeria,1113.4,8/27/2026,931
690,Servette FC,Switzerland,1113.3,8/27/2026,2184
691,New York Red Bulls,USA,1112.8,8/27/2026,1602
692,Jeunesse Sportive Omrane,Tunisia,1112.5,8/27/2026,18284
693,Alianza Lima,Peru,1112.4,8/27/2026,2553
694,Fajr Sepasi,Iran,1112.3,8/27/2026,2713
695,Nublense,Chile,1111.2,8/27/2026,2337
696,Home United,Singapore,1110.6,8/27/2026,4204
697,QPR,England,1110.5,8/27/2026,72
698,Valladolid,Spain,1108.8,8/27/2026,720
699,SCR Altach,Austria,1108.6,8/27/2026,618
700,AS Marsa,Tunisia,1108.3,8/27/2026,10368
701,Dunkerque,France,1108.2,8/27/2026,1304
702,Hope FC,South-Africa,1108.2,8/27/2026,28235
703,Bucaramanga,Colombia,1108.2,8/27/2026,1131
704,Grazer AK,Austria,1108.1,8/27/2026,4256
705,CSKA 1948,Bulgaria,1107.6,8/27/2026,1426
706,Chippa United,South-Africa,1107.5,8/27/2026,2698
707,Incheon United,South-Korea,1106.7,8/27/2026,2763
708,Rīgas FS,Latvia,1106.7,8/27/2026,4160
709,Malavan,Iran,1106.7,8/27/2026,2717
710,Olympic El Qanah,Egypt,1106.6,8/27/2026,13822
711,Benjamín Aceval,Paraguay,1106.5,8/27/2026,17183
712,JKT Tanzania,Tanzania,1106.3,8/27/2026,12190
713,Al Faisaly,Jordan,1105.9,8/27/2026,4531
714,Eldense,Spain,1105.8,8/27/2026,9692
715,Al Fujairah SC,United-Arab-Emirates,1105.8,8/27/2026,2880
716,Neftchi Baku,Azerbaijan,1105.6,8/27/2026,2270
717,Charlton,England,1105.3,8/27/2026,1335
718,Asswehly,Libya,1105.0,8/27/2026,12436
719,Gençlerbirliği S.K.,Turkey,1104.6,8/27/2026,997
720,Shimizu S-pulse,Japan,1104.5,8/27/2026,283
721,Gaborone United,Botswana,1104.4,8/27/2026,5421
722,Bangkok United,Thailand,1104.1,8/27/2026,2770
723,CF Montreal,Canada,1104.1,8/27/2026,1614
724,AVS,Portugal,1103.7,8/27/2026,21595
725,Tokyo Verdy,Japan,1103.6,8/27/2026,306
726,Železničar Pančevo,Serbia,1103.4,8/27/2026,12360
727,Al Bukayriyah,Saudi-Arabia,1103.3,8/27/2026,2966
728,Konyaspor,Turkey,1103.3,8/27/2026,607
729,Reggina,Italy,1103.3,8/27/2026,1692
730,FC Basel 1893,Switzerland,1102.9,8/27/2026,551
731,AS Soliman,Tunisia,1102.8,8/27/2026,6253
732,Al Ahli Tripoli,Libya,1102.7,8/27/2026,12424
733,Al Okhdood,Saudi-Arabia,1102.5,8/27/2026,2977
734,Raków Częstochowa,Poland,1102.1,8/27/2026,3491
735,Academico Viseu,Portugal,1102.0,8/27/2026,238
736,Deportivo Cuenca,Ecuador,1101.8,8/27/2026,1154
737,Namungo,Tanzania,1101.6,8/27/2026,12197
738,Mazatlán,Mexico,1101.5,8/27/2026,14002
739,The New Saints,Wales,1101.3,8/27/2026,354
740,Dinamo Bucuresti,Romania,1100.9,8/27/2026,635
741,Zrinjski,Bosnia,1100.3,8/27/2026,588
742,"(unknown name, team_id=5242::sudan)",?,1100.3,8/27/2026,5242::sudan
743,Desenzano Calvina,Italy,1100.3,8/27/2026,17816
744,Olympique Béja,Tunisia,1100.0,8/27/2026,10625
745,JS Kairouanaise,Tunisia,1099.8,8/27/2026,993
746,Bravos do Maquis FC,Angola,1099.6,8/27/2026,4921
747,Orenburg,Russia,1099.6,8/27/2026,1080
748,Mbeya City,Tanzania,1099.2,8/27/2026,12194
749,CD Lunda-Sul,Angola,1099.1,8/27/2026,17987
750,ST Johnstone,Scotland,1099.0,8/27/2026,258
751,Energie Cottbus,Germany,1098.7,8/27/2026,1320
752,Inter Turku,Finland,1098.6,8/27/2026,1164
753,Coastal Union,Tanzania,1098.5,8/27/2026,12189
754,Emirates Club,United-Arab-Emirates,1098.5,8/27/2026,2868
755,Mouna,Ivory-Coast,1098.4,8/27/2026,22583
756,KI Klaksvik,Faroe-Islands,1098.0,8/27/2026,701
757,Al Hilal Al Manaqil,Sudan,1097.9,8/27/2026,25520
758,Alanyaspor,Turkey,1097.9,8/27/2026,996
759,Vikingur Reykjavik,Iceland,1097.8,8/27/2026,278
760,Aluminium Arak,Iran,1097.6,8/27/2026,2703
761,Ordabasy,Kazakhstan,1097.5,8/27/2026,692
762,AIK Stockholm,Sweden,1097.0,8/27/2026,377
763,Al-Duhail SC,Qatar,1097.0,8/27/2026,2904
764,Progrès Sakiet Eddaïer,Tunisia,1097.0,8/27/2026,13358
765,Bristol City,England,1097.0,8/27/2026,56
766,FC Thun,Switzerland,1096.8,8/27/2026,1012
767,NWU FC,South-Africa,1096.7,8/27/2026,28236
768,Al Jeel,Saudi-Arabia,1096.6,8/27/2026,2955
769,O'Higgins,Chile,1096.5,8/27/2026,2320
770,Huesca,Spain,1096.3,8/27/2026,726
771,Kolos Kovalivka,Ukraine,1096.3,8/27/2026,3627
772,Sonderjyske,Denmark,1095.4,8/27/2026,396
773,Beijing Guoan,China,1095.3,8/27/2026,830
774,1º de Maio,Angola,1095.0,8/27/2026,4914
775,MSV Duisburg,Germany,1094.9,8/27/2026,187
776,Hilal El-Fasher,Sudan,1094.5,8/27/2026,5551
777,Mbeya Kwanza,Tanzania,1094.4,8/27/2026,17753
778,Club River Plate,Paraguay,1094.1,8/27/2026,1184
779,"(unknown name, team_id=5242::iraq)",?,1094.0,8/27/2026,5242::iraq
780,Pharco,Egypt,1093.8,8/27/2026,15736
781,Gais,Sweden,1093.8,8/27/2026,2170
782,Atlanta United FC,USA,1093.7,8/27/2026,1608
783,Sabadell,Spain,1093.5,8/27/2026,9593
784,Hajer,Saudi-Arabia,1093.5,8/27/2026,2948
785,Manila Digger,Philippines,1093.4,8/27/2026,21576
786,Vado,Italy,1091.9,8/27/2026,9442
787,Colombe,Cameroon,1091.9,8/27/2026,5400
788,UNA Strassen,Luxembourg,1091.8,8/27/2026,2036
789,Chengdu Better City,China,1091.7,8/27/2026,5648
790,Brescia,Italy,1091.4,8/27/2026,518
791,Malmo FF,Sweden,1091.2,8/27/2026,375
792,Iraklis 1908,Greece,1091.2,8/27/2026,17991
793,Cerro Largo,Uruguay,1091.0,8/27/2026,2369
794,Gornik Zabrze,Poland,1090.7,8/27/2026,340
795,Chonburi FC,Thailand,1090.3,8/27/2026,2772
796,Teplice,Czech-Republic,1090.2,8/27/2026,3720
797,Guairena FC,Paraguay,1090.0,8/27/2026,2138
798,Wanderers,Uruguay,1089.9,8/27/2026,2360
799,Luton,England,1089.8,8/27/2026,1359
800,Suwon City FC,South-Korea,1089.7,8/27/2026,2756
801,Kifisia,Greece,1089.6,8/27/2026,5050
802,Be Forward Wanderers,Malawi,1089.1,8/27/2026,4583
803,FC Luzern,Switzerland,1089.0,8/27/2026,644
804,Kheybar Khorramabad,Iran,1089.0,8/27/2026,2716
805,Puebla,Mexico,1088.9,8/27/2026,2291
806,Cardiff,England,1088.5,8/27/2026,43
807,AC Horsens,Denmark,1088.5,8/27/2026,404
808,Dundee,Scotland,1088.3,8/27/2026,253
809,Mashujaa,Tanzania,1087.8,8/27/2026,22176
810,Al Wihdat,Jordan,1087.3,8/27/2026,4537
811,Ararat-Armenia,Armenia,1087.2,8/27/2026,3683
812,Koper,Slovenia,1087.2,8/27/2026,4374
813,Laval,France,1087.0,8/27/2026,433
814,SpVgg Greuther Furth,Germany,1086.9,8/27/2026,178
815,Al-Nasr,Libya,1086.5,8/27/2026,6410
816,Marumo Gallants,South-Africa,1086.1,8/27/2026,2682
817,San-Pédro,Ivory-Coast,1086.0,8/27/2026,4521
818,Albirex Niigata S,Singapore,1085.8,8/27/2026,4200
819,Al-Adalah,Saudi-Arabia,1085.4,8/27/2026,2950
820,Hansa Rostock,Germany,1085.3,8/27/2026,1321
821,Chapecoense-sc,Brazil,1085.2,8/27/2026,132
822,Al Hilal Omdurman,Rwanda,1085.1,8/27/2026,5237
823,Al Shamal,Qatar,1084.8,8/27/2026,2916
824,Inter Club d'Escaldes,Andorra,1084.1,8/27/2026,3342
825,Ceara,Brazil,1084.0,8/27/2026,129
826,Barletta,Italy,1084.0,8/27/2026,19968
827,Anorthosis,Cyprus,1083.8,8/27/2026,2269
828,Odense,Denmark,1083.8,8/27/2026,405
829,Khalidiya,Bahrain,1083.6,8/27/2026,17666
830,Cadiz,Spain,1083.5,8/27/2026,724
831,Hay Al Arab,Sudan,1083.5,8/27/2026,5245
832,ADO Den Haag,Netherlands,1083.3,8/27/2026,198
833,Hay Al Wadi,Sudan,1083.2,8/27/2026,5246
834,Universitario,Peru,1083.2,8/27/2026,2540
835,Vipers,Uganda,1082.9,8/27/2026,8114
836,Persib Bandung,Indonesia,1082.7,8/27/2026,2445
837,Al-Arabi SC,Qatar,1082.6,8/27/2026,2905
838,Juventud,Uruguay,1082.6,8/27/2026,2353
839,Padova,Italy,1082.5,8/27/2026,870
840,SV Meppen,Germany,1082.2,8/27/2026,1318
841,NK Osijek,Croatia,1081.6,8/27/2026,616
842,OH Leuven,Belgium,1081.5,8/27/2026,260
843,Tondela,Portugal,1080.5,8/27/2026,218
844,Alamal Atbara,Sudan,1079.7,8/27/2026,5244
845,Zbrojovka Brno,Czech-Republic,1079.6,8/27/2026,3733
846,Kilmarnock,Scotland,1078.8,8/27/2026,250
847,DC United,USA,1078.8,8/27/2026,1615
848,Bohemians 1905,Czech-Republic,1078.8,8/27/2026,3714
849,Rizespor,Turkey,1078.7,8/27/2026,1007
850,Aberdeen,Scotland,1078.1,8/27/2026,252
851,Aldosivi,Argentina,1077.9,8/27/2026,463
852,ST Mirren,Scotland,1077.5,8/27/2026,251
853,Amal Tiznit,Morocco,1077.3,8/27/2026,18753
854,Al-Ittihad,Libya,1077.3,8/27/2026,8053
855,FC Volendam,Netherlands,1076.9,8/27/2026,416
856,Bari,Italy,1076.7,8/27/2026,508
857,Sarpsborg 08 FF,Norway,1076.6,8/27/2026,333
858,Central Espanol,Uruguay,1076.5,8/27/2026,2368
859,Al Rabta Kosti,Sudan,1075.9,8/27/2026,5241
860,Chiangrai United,Thailand,1075.9,8/27/2026,2771
861,Sharjah FC,United-Arab-Emirates,1075.8,8/27/2026,2874
862,Leicester,England,1075.6,8/27/2026,46
863,Zira,Azerbaijan,1075.6,8/27/2026,648
864,CRB,Brazil,1075.5,8/27/2026,146
865,Palestino,Chile,1075.1,8/27/2026,2318
866,Podbrezová,Slovakia,1075.1,8/27/2026,3548
867,São Salvador,Angola,1074.7,8/27/2026,22359
868,Haras El Hodood,Egypt,1074.3,8/27/2026,1576
869,Atletico Goianiense,Brazil,1074.0,8/27/2026,144
870,Vila Nova,Brazil,1073.9,8/27/2026,142
871,NK Lokomotiva Zagreb,Croatia,1073.7,8/27/2026,1017
872,IF Elfsborg,Sweden,1073.5,8/27/2026,372
873,Al Kuwait,Kuwait,1073.2,8/27/2026,3535
874,Muharraq,Bahrain,1073.0,8/27/2026,5488
875,OFK Beograd,Serbia,1073.0,8/27/2026,2633
876,Floriana,Malta,1072.8,8/27/2026,4625
877,FK Košice,Slovakia,1072.7,8/27/2026,10534
878,Ponferradina,Spain,1072.4,8/27/2026,4907
879,Cukaricki,Serbia,1072.3,8/27/2026,2656
880,Boston River,Uruguay,1071.8,8/27/2026,2361
881,Albion FC,Uruguay,1071.6,8/27/2026,2378
882,Zaragoza,Spain,1071.6,8/27/2026,732
883,Spezia,Italy,1071.6,8/27/2026,515
884,US Tchologo,Ivory-Coast,1071.4,8/27/2026,26341
885,Paykan,Iran,1071.2,8/27/2026,2741
886,Baniyas SC,United-Arab-Emirates,1071.2,8/27/2026,2877
887,WSG Wattens,Austria,1070.7,8/27/2026,1398
888,Arda Kardzhali,Bulgaria,1070.3,8/27/2026,1430
889,V-varen Nagasaki,Japan,1070.3,8/27/2026,285
890,Al Jandal,Saudi-Arabia,1069.9,8/27/2026,10507
891,Al Baten,Saudi-Arabia,1069.7,8/27/2026,2926
892,Virtus Entella,Italy,1069.4,8/27/2026,527
893,Al Ahly Shendi,Sudan,1069.3,8/27/2026,5235
894,Teramo,Italy,1069.1,8/27/2026,1683
895,Torreense,Portugal,1068.4,8/27/2026,4799
896,Sudtirol,Italy,1068.3,8/27/2026,1578
897,CD Olimpia,Honduras,1068.1,8/27/2026,1051
898,Sampdoria,Italy,1068.0,8/27/2026,498
899,The Strongest,Bolivia,1068.0,8/27/2026,3711
900,Pontevedra,Spain,1067.8,8/27/2026,9407
901,Tanzania Prisons,Tanzania,1067.7,8/27/2026,12202
902,Fredrikstad,Norway,1067.3,8/27/2026,2149
903,Ligorna,Italy,1067.0,8/27/2026,9437
904,Khimki,Russia,1066.7,8/27/2026,1994
905,Dodoma Jiji,Tanzania,1066.6,8/27/2026,14345
906,Al Zamala Umm Ruwaba,Sudan,1066.6,8/27/2026,25522
907,Merreikh Nyala,Sudan,1065.8,8/27/2026,5546
908,Rot-Weiß Essen,Germany,1064.6,8/27/2026,1621
909,Rodina Moskva,Russia,1064.6,8/27/2026,6822
910,Vardar Skopje,Macedonia,1064.5,8/27/2026,574
911,Pardubice,Czech-Republic,1064.3,8/27/2026,3724
912,Avellino,Italy,1064.0,8/27/2026,528
913,Baník Ostrava,Czech-Republic,1063.8,8/27/2026,3713
914,Recreativo do Libolo,Angola,1063.8,8/27/2026,4924
915,Lyngby,Denmark,1062.7,8/27/2026,625
916,Randers FC,Denmark,1062.6,8/27/2026,401
917,Maribor,Slovenia,1062.6,8/27/2026,552
918,Al Wakrah,Qatar,1062.3,8/27/2026,2900
919,Dijon,France,1062.2,8/27/2026,89
920,Carrarese,Italy,1061.9,8/27/2026,1581
921,Falkirk,Scotland,1061.8,8/27/2026,1389
922,Boavista,Portugal,1061.1,8/27/2026,222
923,Bolton,England,1060.8,8/27/2026,68
924,Ham-Kam,Norway,1060.7,8/27/2026,2159
925,Grenoble,France,1060.6,8/27/2026,101
926,Atlético Madrid II,Spain,1060.5,8/27/2026,9570
927,Silver Strikers,Malawi,1059.8,8/27/2026,4597
928,Baroka FC,South-Africa,1059.7,8/27/2026,2688
929,Goias,Brazil,1059.6,8/27/2026,151
930,Istra 1961,Croatia,1059.5,8/27/2026,1016
931,A. Italiano,Chile,1059.2,8/27/2026,2329
932,Al-Ahly Merowe,Sudan,1059.1,8/27/2026,5243
933,Maccabi Haifa,Israel,1058.8,8/27/2026,4195
934,Sportivo Luqueno,Paraguay,1058.7,8/27/2026,1183
935,Réal Bamako,Mali,1058.6,8/27/2026,12677
936,Al Bataeh,United-Arab-Emirates,1057.6,8/27/2026,9136
937,Académica do Lobito,Angola,1057.3,8/27/2026,4915
938,UD Logroñés,Spain,1057.0,8/27/2026,5280
939,US Mondorf-les-bains,Luxembourg,1056.5,8/27/2026,2037
940,Delfin SC,Ecuador,1056.2,8/27/2026,1149
941,Santos Laguna,Mexico,1055.6,8/27/2026,2285
942,Orbit College,South-Africa,1055.4,8/27/2026,10582
943,Oxford United,England,1055.1,8/27/2026,1338
944,Barakaldo,Spain,1055.0,8/27/2026,5251
945,Khorfakkan,United-Arab-Emirates,1055.0,8/27/2026,4912
946,Kasımpaşa,Turkey,1054.7,8/27/2026,1004
947,Desna,Ukraine,1054.7,8/27/2026,3616
948,Qatar SC,Qatar,1054.0,8/27/2026,2907
949,Sandefjord,Norway,1053.4,8/27/2026,332
950,Paks,Hungary,1053.3,8/27/2026,2390
951,IMT Novi Beograd,Serbia,1053.0,8/27/2026,12316
952,Fountain Gate,Tanzania,1052.7,8/27/2026,19838
953,Navbahor,Uzbekistan,1052.7,8/27/2026,4216
954,GKS Katowice,Poland,1052.6,8/27/2026,3484
955,Ravenna,Italy,1052.5,8/27/2026,1705
956,Pamba Jiji,Tanzania,1052.4,8/27/2026,24707
957,Fortuna Dusseldorf,Germany,1052.4,8/27/2026,158
958,Fortaleza FC,Colombia,1052.0,8/27/2026,1147
959,Defensor Sporting,Uruguay,1051.4,8/27/2026,2350
960,Karviná,Czech-Republic,1051.2,8/27/2026,3716
961,Nissa,Italy,1050.9,8/27/2026,24694
962,Real Madrid II,Spain,1050.8,8/27/2026,9575
963,Preston,England,1050.7,8/27/2026,59
964,Nouadhibou,Mauritania,1050.6,8/27/2026,6427
965,Preußen Münster,Germany,1050.5,8/27/2026,1313
966,Valerenga,Norway,1050.4,8/27/2026,326
967,Farense,Portugal,1050.1,8/27/2026,231
968,Danubio,Uruguay,1049.5,8/27/2026,2352
969,Nautico Recife,Brazil,1049.4,8/27/2026,755
970,Kauno Žalgiris,Lithuania,1049.1,8/27/2026,3872
971,Stella,Ivory-Coast,1048.9,8/27/2026,16588
972,Horoya,Guinea,1048.3,8/27/2026,4417
973,Stockport County,England,1048.1,8/27/2026,4686
974,Panetolikos,Greece,1048.1,8/27/2026,949
975,Avai,Brazil,1047.6,8/27/2026,145
976,El Massira,Morocco,1047.4,8/27/2026,3451
977,Puskas Academy,Hungary,1047.0,8/27/2026,2391
978,Municipal,Guatemala,1046.8,8/27/2026,3665
979,Sagrada Esperança,Angola,1046.7,8/27/2026,4925
980,CFR 1907 Cluj,Romania,1046.5,8/27/2026,2246
981,Larisa,Greece,1045.8,8/27/2026,953
982,Al-Karma,Iraq,1045.8,8/27/2026,25063
983,Cesena,Italy,1045.4,8/27/2026,509
984,Warriors,Hong-Kong,1045.3,8/27/2026,4207
985,Dundee Utd,Scotland,1045.2,8/27/2026,1386
986,Zamora,Spain,1045.0,8/27/2026,9418
987,Shams Azar Qazvin,Iran,1045.0,8/27/2026,18159
988,Cultural Leonesa,Spain,1044.8,8/27/2026,725
989,Plymouth,England,1044.6,8/27/2026,1357
990,Clermont Foot,France,1044.6,8/27/2026,99
991,Lommel United,Belgium,1044.6,8/27/2026,259
992,Al Seeb,Oman,1042.8,8/27/2026,7504
993,Dinamo Samarqand,Uzbekistan,1042.7,8/27/2026,4224
994,Asteras Tripolis,Greece,1042.6,8/27/2026,955
995,Al Zawra'a,Iraq,1042.5,8/27/2026,8010
996,Yokohama FC,Japan,1042.2,8/27/2026,307
997,Savoia,Italy,1041.4,8/27/2026,9564
998,Paradou AC,Algeria,1041.3,8/27/2026,915
999,Fakel Voronezh,Russia,1041.2,8/27/2026,1993
1000,Bouaké,Ivory-Coast,1041.1,8/27/2026,4516
1001,Pescara,Italy,1040.7,8/27/2026,525
1002,Novi Pazar,Serbia,1040.6,8/27/2026,2643
1003,Stade d'Abidjan,Ivory-Coast,1040.6,8/27/2026,4525
1004,Ismaily SC,Egypt,1040.2,8/27/2026,1030
1005,NAC Breda,Netherlands,1040.1,8/27/2026,203
1006,Larne,Northern-Ireland,1040.1,8/27/2026,5354
1007,Unionistas de Salamanca,Spain,1040.0,8/27/2026,5281
1008,Radnik Surdulica,Serbia,1039.9,8/27/2026,2657
1009,Daegu FC,South-Korea,1039.9,8/27/2026,2747
1010,Heracles,Netherlands,1039.9,8/27/2026,206
1011,Al Ahli Benghazi,Libya,1039.7,8/27/2026,12423
1012,Tristan Suarez,Argentina,1039.7,8/27/2026,1965
1013,ZOB Ahan,Iran,1039.4,8/27/2026,2738
1014,Nancy,France,1039.3,8/27/2026,102
1015,Suwon Bluewings,South-Korea,1039.2,8/27/2026,2765
1016,Botafogo SP,Brazil,1039.0,8/27/2026,2618
1017,Pusamania Borneo,Indonesia,1038.8,8/27/2026,2442
1018,Union Brescia,Italy,1038.8,8/27/2026,26356
1019,Deportivo Pasto,Colombia,1038.6,8/27/2026,1126
1020,KuPS,Finland,1038.5,8/27/2026,1165
1021,Stoke City,England,1038.2,8/27/2026,75
1022,Cavalry FC,Canada,1038.2,8/27/2026,2619
1023,Al Najma,Saudi-Arabia,1038.1,8/27/2026,2992
1024,Buxoro,Uzbekistan,1037.9,8/27/2026,4211
1025,Lamphun Warrior,Thailand,1037.8,8/27/2026,6572
1026,Salernitana,Italy,1037.5,8/27/2026,514
1027,Tacuary,Paraguay,1037.5,8/27/2026,10491
1028,Viettel,Vietnam,1037.3,8/27/2026,3681
1029,Fernando De La Mora,Paraguay,1037.1,8/27/2026,2130
1030,IFK Goteborg,Sweden,1037.1,8/27/2026,366
1031,St Joseph S Fc,Gibraltar,1036.9,8/27/2026,698
1032,Silkeborg,Denmark,1036.7,8/27/2026,2073
1033,Internacional de Bogota,Colombia,1036.6,8/27/2026,1134
1034,Atlético Tembetary,Paraguay,1036.6,8/27/2026,10474
1035,Ajaccio,France,1036.6,8/27/2026,98
1036,SOA,Ivory-Coast,1036.5,8/27/2026,4520
1037,Deportivo La Coruña II,Spain,1036.4,8/27/2026,9610
1038,Ruh Brest,Belarus,1036.0,8/27/2026,3391
1039,Radnicki 1923,Serbia,1035.8,8/27/2026,2644
1040,Al-Mergheni,Sudan,1035.7,8/27/2026,25523
1041,Willem II,Netherlands,1035.5,8/27/2026,195
1042,Deportivo Saprissa,Costa-Rica,1035.1,8/27/2026,816
1043,Panionios,Greece,1035.0,8/27/2026,622
1044,Rayong FC,Thailand,1035.0,8/27/2026,2797
1045,Gaziantep FK,Turkey,1035.0,8/27/2026,3573
1046,Cienciano,Peru,1034.7,8/27/2026,2562
1047,Kayserispor,Turkey,1034.6,8/27/2026,1001
1048,Watford,England,1034.4,8/27/2026,38
1049,Mladost Lucani,Serbia,1034.2,8/27/2026,699
1050,Guingamp,France,1034.2,8/27/2026,90
1051,Lentigione,Italy,1033.9,8/27/2026,9487
1052,El Bayadh,Algeria,1033.8,8/27/2026,10743
1053,FC Astana,Kazakhstan,1033.4,8/27/2026,562
1054,Sportivo Carapeguá,Paraguay,1032.9,8/27/2026,20786
1055,Cerro,Uruguay,1032.9,8/27/2026,2362
1056,SC Villa,Uganda,1032.7,8/27/2026,12457
1057,UMM Salal,Qatar,1032.4,8/27/2026,2899
1058,Forte Virtus,United-Arab-Emirates,1032.4,8/27/2026,27994
1059,Al Hilal Manaqil,Sudan,1032.2,8/27/2026,27318
1060,Rahimo,Burkina-Faso,1031.7,8/27/2026,6430
1061,Shanghai Shenhua,China,1031.7,8/27/2026,833
1062,FK Sarajevo,Bosnia,1030.9,8/27/2026,679
1063,KFUM Oslo,Norway,1030.8,8/27/2026,2143
1064,Nyasa Big Bullets,Malawi,1030.5,8/27/2026,4599
1065,Everton de Vina,Chile,1030.1,8/27/2026,2325
1066,FBC Melgar,Peru,1029.9,8/27/2026,2554
1067,São Bernardo,Brazil,1029.5,8/27/2026,7865
1068,Rapid,Romania,1029.5,8/27/2026,6231
1069,Wellington Olympic,New-Zealand,1029.4,8/27/2026,20646
1070,Coleraine FC,Northern-Ireland,1029.2,8/27/2026,669
1071,Deportivo Garcilaso,Peru,1029.2,8/27/2026,20960
1072,Deportes Limache,Chile,1029.1,8/27/2026,16730
1073,Club Sp. San Lorenzo,Paraguay,1028.5,8/27/2026,2125
1074,Verl,Germany,1027.9,8/27/2026,4265
1075,Alianza Valledupar,Colombia,1027.9,8/27/2026,1141
1076,Dynamo de Douala,Cameroon,1027.8,8/27/2026,16524
1077,Real Murcia,Spain,1027.7,8/27/2026,5275
1078,RAAL La Louvière,Belgium,1027.4,8/27/2026,5902
1079,Operario-PR,Brazil,1027.3,8/27/2026,1223
1080,Deportivo Madryn,Argentina,1027.0,8/27/2026,1929
1081,Turan,Azerbaijan,1027.0,8/27/2026,5499
1082,Scotland Mabvuku,Zimbabwe,1026.8,8/27/2026,25735
1083,Ittifaq,United-Arab-Emirates,1026.6,8/27/2026,26612
1084,Eyüpspor,Turkey,1026.5,8/27/2026,3588
1085,Concepción,Chile,1026.5,8/27/2026,5635
1086,Shamrock Rovers,Ireland,1026.4,8/27/2026,652
1087,BEA Mountain,Liberia,1026.4,8/27/2026,16143
1088,Al Talaba,Iraq,1026.3,8/27/2026,11067
1089,Luanda City,Angola,1026.2,8/27/2026,24909
1090,Amed,Turkey,1025.9,8/27/2026,3579
1091,Forge,Canada,1025.8,8/27/2026,3830
1092,Enugu Rangers,Nigeria,1025.4,8/27/2026,5176
1093,Plaza Amador,Panama,1024.9,8/27/2026,2883
1094,Akron,Russia,1024.9,8/27/2026,6786
1095,Nasaf,Uzbekistan,1024.6,8/27/2026,4215
1096,Sochaux,France,1023.9,8/27/2026,115
1097,Atlético Baleares,Spain,1023.7,8/27/2026,9381
1098,Binga,Mali,1023.6,8/27/2026,17446
1099,Geita Gold,Tanzania,1023.0,8/27/2026,17752
1100,Piacenza,Italy,1023.0,8/27/2026,872
1101,Drita,Kosovo,1022.9,8/27/2026,14281
1102,ES Agboville,Ivory-Coast,1022.6,8/27/2026,26340
1103,Al Ahli Doha,Qatar,1022.6,8/27/2026,2896
1104,Carabobo FC,Venezuela,1022.6,8/27/2026,2810
1105,Çorum FK,Turkey,1022.3,8/27/2026,6343
1106,Wofoo Tai Po,Hong-Kong,1022.0,8/27/2026,4457
1107,Athletic Club,Brazil,1021.7,8/27/2026,13975
1108,KCCA,Uganda,1021.7,8/27/2026,6422
1109,St Patrick's Athl.,Ireland,1021.7,8/27/2026,3843
1110,Al-Akhdar,Libya,1021.0,8/27/2026,12427
1111,Aigle Noir,Burundi,1020.7,8/27/2026,4447
1112,Atert Bissen,Luxembourg,1020.7,8/27/2026,15847
1113,Feralpisalo,Italy,1020.6,8/27/2026,884
1114,SHANGHAI SIPG,China,1020.4,8/27/2026,836
1115,Bastia,France,1020.3,8/27/2026,1305
1116,Sporting Cristal,Peru,1020.2,8/27/2026,2546
1117,Al-Gharafa,Qatar,1020.1,8/27/2026,2903
1118,Al Riffa,Bahrain,1020.0,8/27/2026,5482
1119,Paraguari AC,Paraguay,1019.3,8/27/2026,27627
1120,Kitchee,Hong-Kong,1019.3,8/27/2026,4453
1121,Guaraní de Fram,Paraguay,1019.2,8/27/2026,25590
1122,União de Leiria,Portugal,1019.1,8/27/2026,4662
1123,Gulf United,United-Arab-Emirates,1018.6,8/27/2026,22322
1124,Bravo,Slovenia,1018.5,8/27/2026,4359
1125,Al-Ittihad Kalba,United-Arab-Emirates,1018.5,8/27/2026,2876
1126,Cuiaba,Brazil,1018.3,8/27/2026,1193
1127,Al Ittihad,Syria,1018.1,8/27/2026,8019
1128,Al Jazira Al Hamra,United-Arab-Emirates,1018.0,8/27/2026,13265
1129,San Martin S.J.,Argentina,1017.7,8/27/2026,461
1130,PAU,France,1017.7,8/27/2026,1297
1131,FCSB,Romania,1017.5,8/27/2026,559
1132,Esteghlal Khuzestan,Iran,1017.3,8/27/2026,2739
1133,Campobasso FC,Italy,1017.2,8/27/2026,9510
1134,Almere City FC,Netherlands,1017.2,8/27/2026,419
1135,Al Ansar,Lebanon,1016.7,8/27/2026,4569
1136,Hafia,Guinea,1016.6,8/27/2026,4416
1137,Ha Noi,Vietnam,1016.3,8/27/2026,3670
1138,Majd,United-Arab-Emirates,1016.0,8/27/2026,24591
1139,Gwangju FC,South-Korea,1015.9,8/27/2026,2759
1140,Pogon Szczecin,Poland,1015.9,8/27/2026,348
1141,Ibiza,Spain,1015.7,8/27/2026,9390
1142,SOL,Ivory-Coast,1015.4,8/27/2026,6346
1143,Mes Rafsanjan,Iran,1015.2,8/27/2026,2706
1144,Benfica B,Portugal,1014.7,8/27/2026,229
1145,AS Gabes,Tunisia,1014.7,8/27/2026,987
1146,NSI Runavik,Faroe-Islands,1014.6,8/27/2026,682
1147,Tecnico Universitario,Ecuador,1014.4,8/27/2026,1151
1148,Dreams,Ghana,1014.4,8/27/2026,4450
1149,Al Shahaniya,Qatar,1014.1,8/27/2026,2893
1150,Nsingizini Hotspurs,Eswatini,1014.1,8/27/2026,20372
1151,Europa Fc,Spain,1014.0,8/27/2026,593
1152,Mes Shahr-e Babak,Iran,1013.8,8/27/2026,10388
1153,Antequera,Spain,1013.6,8/27/2026,9742
1154,Zemplín Michalovce,Slovakia,1013.4,8/27/2026,3552
1155,Catania,Italy,1013.4,8/27/2026,1580
1156,Military Union SC,Libya,1013.3,8/27/2026,27456
1157,Shandong Luneng,China,1013.2,8/27/2026,844
1158,USD Casatese,Italy,1012.7,8/27/2026,17563
1159,Olmaliq,Uzbekistan,1012.6,8/27/2026,4219
1160,UE Santa Coloma,Andorra,1012.5,8/27/2026,703
1161,Stade Gabesien,Tunisia,1012.4,8/27/2026,985
1162,Kortrijk,Belgium,1012.4,8/27/2026,734
1163,Potenza,Italy,1012.1,8/27/2026,1710
1164,Nacional Potosí,Bolivia,1011.4,8/27/2026,3706
1165,Volos NFC,Greece,1011.3,8/27/2026,2110
1166,Epitsentr Dunayivtsi,Ukraine,1011.1,8/27/2026,14434
1167,FC Wurzburger Kickers,Germany,1011.1,8/27/2026,784
1168,Sanat Naft,Iran,1010.8,8/27/2026,2743
1169,Encarnación,Paraguay,1010.7,8/27/2026,23155
1170,Dibba Al-Fujairah,United-Arab-Emirates,1010.4,8/27/2026,2867
1171,Al Ahli Khartoum,Sudan,1010.0,8/27/2026,5234
1172,Svay Rieng,Cambodia,1009.9,8/27/2026,5396
1173,USFAS Bamako,Mali,1009.7,8/27/2026,12681
1174,Sua Flamingoes,Botswana,1009.6,8/27/2026,18122
1175,Atlante FC,Mexico,1009.6,8/27/2026,2312
1176,CI Kamsar,Guinea,1008.8,8/27/2026,4411
1177,Galaxy,Botswana,1008.7,8/27/2026,5422
1178,Alianza Atletico,Peru,1008.4,8/27/2026,2560
1179,Boulogne,France,1008.2,8/27/2026,1299
1180,FC Luanda,Angola,1008.1,8/27/2026,28229
1181,Taguig,Philippines,1008.1,8/27/2026,23384
1182,Deportivo Alavés II,Spain,1008.0,8/27/2026,9582
1183,Cuniburo,Ecuador,1008.0,8/27/2026,21103
1184,Moghreb Tetouan,Morocco,1008.0,8/27/2026,965
1185,Al Fajr,Sudan,1007.8,8/27/2026,27316
1186,Suduva Marijampole,Lithuania,1007.6,8/27/2026,612
1187,AEL,Cyprus,1007.5,8/27/2026,3396
1188,Phu Dong,Vietnam,1007.5,8/27/2026,9167
1189,Nassaji Mazandaran,Iran,1007.5,8/27/2026,2719
1190,Kocaelispor,Turkey,1007.3,8/27/2026,7411
1191,FC Vaduz,Liechtenstein,1006.7,8/27/2026,660
1192,Al Merreikh El Obeid,Sudan,1006.4,8/27/2026,25521
1193,Manta FC,Ecuador,1006.4,8/27/2026,1980
1194,Lausanne,Switzerland,1006.1,8/27/2026,1014
1195,Uthai Thani,Thailand,1005.8,8/27/2026,10088
1196,Biellese,Italy,1005.7,8/27/2026,26505
1197,NK Slaven Belupo,Croatia,1005.5,8/27/2026,1018
1198,Deportivo La Guaira,Venezuela,1005.2,8/27/2026,2813
1199,Widad Témara,Morocco,1005.1,8/27/2026,3458
1200,Neman,Belarus,1005.1,8/27/2026,387
1201,Seoul E-Land FC,South-Korea,1004.9,8/27/2026,2749
1202,Austria Lustenau,Austria,1004.9,8/27/2026,1399
1203,Recreativo da Caála,Angola,1004.5,8/27/2026,4930
1204,SS Reyes,Spain,1004.3,8/27/2026,9412
1205,Aalesund,Norway,1004.2,8/27/2026,757
1206,Pyunik Yerevan,Armenia,1003.7,8/27/2026,709
1207,Dinamo Brest,Belarus,1003.4,8/27/2026,386
1208,CS Hammam-Lif,Tunisia,1003.4,8/27/2026,1191
1209,FC Cartagena,Spain,1003.1,8/27/2026,5262
1210,Palm City,United-Arab-Emirates,1003.1,8/27/2026,27995
1211,HB Torshavn,Faroe-Islands,1002.9,8/27/2026,4133
1212,Envigado,Colombia,1002.9,8/27/2026,1129
1213,Godoy Cruz,Argentina,1002.7,8/27/2026,439
1214,Robur Siena,Italy,1002.5,8/27/2026,1583
1215,Bashundhara Kings,Bangladesh,1002.2,8/27/2026,5012
1216,Watanga,Liberia,1001.9,8/27/2026,16151
1217,Masfut,United-Arab-Emirates,1001.9,8/27/2026,9142
1218,ISCA,Ivory-Coast,1001.7,8/27/2026,25587
1219,Persija,Indonesia,1001.5,8/27/2026,10134
1220,Erzurumspor FK,Turkey,1001.4,8/27/2026,1009
1221,Fatih Karagümrük,Turkey,1001.4,8/27/2026,3589
1222,Real Unión,Spain,1001.4,8/27/2026,9586
1223,Deportivo Moron,Argentina,1001.3,8/27/2026,469
1224,Tampa Bay Rowdies,USA,1001.0,8/27/2026,4021
1225,Niki Volos,Greece,1000.9,8/27/2026,5056
1226,Asyut Petrol,Egypt,1000.5,8/27/2026,18021
1227,HNK Gorica,Croatia,1000.5,8/27/2026,1068
1228,Diarra,Mali,1000.3,8/27/2026,25371
1229,Vizela,Portugal,1000.0,8/27/2026,810
1230,FC Tulsa,USA,1000.0,8/27/2026,4022
1231,LD Alajuelense,Costa-Rica,1000.0,8/27/2026,822
1232,Yunnan Yukun,China,1000.0,8/27/2026,21265
1233,Hamrun Spartans,Malta,999.7,8/27/2026,4626
1234,Ancona,Italy,999.7,8/27/2026,897
1235,HJK Helsinki,Finland,999.7,8/27/2026,649
1236,Al Saham Ad Damer,Sudan,999.5,8/27/2026,27327
1237,Alcorcon,Spain,999.4,8/27/2026,711
1238,Martigues,France,999.2,8/27/2026,3200
1239,Sant Andreu,Spain,999.1,8/27/2026,5277
1240,Red Arrows,Zambia,999.0,8/27/2026,5213
1241,Tambov,Russia,998.9,8/27/2026,2008
1242,Mostaganem,Algeria,998.7,8/27/2026,1070
1243,Huddersfield,England,998.6,8/27/2026,37
1244,Ternana,Italy,998.4,8/27/2026,516
1245,Gelbison,Italy,998.2,8/27/2026,9544
1246,Ourense CF,Spain,998.2,8/27/2026,9612
1247,Dender,Belgium,998.2,8/27/2026,6215
1248,Mtibwa Sugar,Tanzania,998.1,8/27/2026,12195
1249,Guelson FC,Angola,998.1,8/27/2026,26665
1250,KR Reykjavik,Iceland,997.9,8/27/2026,271
1251,Guabirá,Bolivia,997.8,8/27/2026,3704
1252,Shonan Bellmare,Japan,997.1,8/27/2026,284
1253,Versailles,France,996.9,8/27/2026,3131
1254,Kalju Nomme,Estonia,996.8,8/27/2026,662
1255,Rot-weiss Erfurt,Germany,996.6,8/27/2026,1329
1256,Charleston Battery,USA,996.6,8/27/2026,3990
1257,Korhogo,Ivory-Coast,996.6,8/27/2026,18179
1258,Debreceni VSC,Hungary,996.4,8/27/2026,2392
1259,Felgueiras 1932,Portugal,996.3,8/27/2026,4744
1260,Firpo,El-Salvador,996.2,8/27/2026,4303
1261,Cusco,Peru,996.1,8/27/2026,10013
1262,VfB Oldenburg,Germany,996.0,8/27/2026,9347
1263,Cosenza,Italy,995.5,8/27/2026,10137
1264,Cambuur,Netherlands,995.2,8/27/2026,420
1265,Legnago Salus,Italy,995.0,8/27/2026,9472
1266,FC Ingolstadt 04,Germany,994.7,8/27/2026,184
1267,Kober,Sudan,994.6,8/27/2026,5555
1268,ES Hammam-Sousse,Tunisia,994.3,8/27/2026,10609
1269,Bradford,England,994.2,8/27/2026,1343
1270,Ostia Mare,Italy,994.0,8/27/2026,9530
1271,Rouen,France,993.9,8/27/2026,3221
1272,Shao Jiang,Macao,993.6,8/27/2026,25716
1273,Leixoes,Portugal,993.6,8/27/2026,244
1274,FC Saarbrücken,Germany,993.5,8/27/2026,1639
1275,Al Taqadom,Sudan,993.5,8/27/2026,27319
1276,Orleans,France,993.5,8/27/2026,103
1277,Trento,Italy,993.3,8/27/2026,17147
1278,Reggiana,Italy,993.3,8/27/2026,880
1279,3 de Noviembre,Paraguay,993.2,8/27/2026,21374
1280,New Mexico United,USA,993.2,8/27/2026,4003
1281,Abu Qair Semad,Egypt,993.1,8/27/2026,15731
1282,Sporting Kansas City,USA,992.3,8/27/2026,1611
1283,Lusail City,Qatar,992.2,8/27/2026,7527
1284,Muras United,Kyrgyzstan,992.1,8/27/2026,21167
1285,Medeama,Ghana,992.0,8/27/2026,12255
1286,Bohemians,Ireland,991.9,8/27/2026,3840
1287,Bars,Kyrgyzstan,991.9,8/27/2026,25765
1288,Wathba,Syria,991.9,8/27/2026,9118
1289,Al Arabi SC,Saudi-Arabia,991.6,8/27/2026,2971
1290,Ferro Carril Oeste,Argentina,991.2,8/27/2026,470
1291,Olimpija Ljubljana,Slovenia,990.5,8/27/2026,677
1292,Martina Franca,Italy,990.4,8/27/2026,19975
1293,Ahal,Turkmenistan,990.3,8/27/2026,8020
1294,CSA,Brazil,990.3,8/27/2026,150
1295,Union La Calera,Chile,990.2,8/27/2026,2326
1296,Ind. Juniors,Ecuador,990.2,8/27/2026,2238
1297,Terengganu,Malaysia,990.0,8/27/2026,2518
1298,Lokomotiv,Uzbekistan,989.8,8/27/2026,3695
1299,Louisville City,USA,989.7,8/27/2026,4000
1300,Virtus,San-Marino,989.7,8/27/2026,5308
1301,CPK,Macao,989.4,8/27/2026,9420
1302,Waalwijk,Netherlands,988.5,8/27/2026,417
1303,Algeciras,Spain,988.5,8/27/2026,9597
1304,La Viena FC,Egypt,988.2,8/27/2026,16436
1305,Deportivo Tachira FC,Venezuela,988.2,8/27/2026,2807
1306,Cucuta,Colombia,988.1,8/27/2026,1470
1307,Independiente Petrolero,Bolivia,988.1,8/27/2026,15702
1308,Flora Tallinn,Estonia,987.8,8/27/2026,687
1309,GOR Mahia,Kenya,987.7,8/27/2026,2467
1310,FC Porto B,Portugal,987.7,8/27/2026,243
1311,Rayo Majadahonda,Spain,987.5,8/27/2026,861
1312,Temperley,Argentina,987.3,8/27/2026,454
1313,Zaglebie Lubin,Poland,987.3,8/27/2026,345
1314,Beerschot VA,Belgium,987.3,8/27/2026,263
1315,Masar,Egypt,987.2,8/27/2026,25468
1316,Olympiakos,Cyprus,987.0,8/27/2026,3415
1317,Rayon Sports,Rwanda,987.0,8/27/2026,5323
1318,Skalica,Slovakia,986.8,8/27/2026,10542
1319,Union Magdalena,Colombia,986.7,8/27/2026,1465
1320,APR,Rwanda,986.1,8/27/2026,5309
1321,Qingdao Youth Island,China,986.1,8/27/2026,17265
1322,Cacereño,Spain,985.5,8/27/2026,9384
1323,Livyi Bereh,Ukraine,985.1,8/27/2026,17162
1324,Altyn Asyr,Turkmenistan,985.1,8/27/2026,8023
1325,Botafogo PB,Brazil,985.0,8/27/2026,1197
1326,Blackpool,England,984.8,8/27/2026,1356
1327,FC Gomel,Belarus,984.8,8/27/2026,389
1328,Krasava Ypsonas,Cyprus,984.6,8/27/2026,3424
1329,Al Fallah,Sudan,984.5,8/27/2026,7456
1330,Extremadura 1924,Spain,984.3,8/27/2026,24612
1331,Omonia Aradippou,Cyprus,984.3,8/27/2026,3416
1332,IF Brommapojkarna,Sweden,984.2,8/27/2026,371
1333,Sogdiana,Uzbekistan,983.8,8/27/2026,4223
1334,Estudiantes de Rio Cuarto,Argentina,983.7,8/27/2026,2424
1335,Londrina,Brazil,983.7,8/27/2026,148
1336,Deportivo Pereira,Colombia,983.5,8/27/2026,1462
1337,F91 Dudelange,Luxembourg,983.4,8/27/2026,578
1338,Egnatia Rrogozhinë,Albania,983.2,8/27/2026,3327
1339,Cashmere Technical,New-Zealand,982.7,8/27/2026,20651
1340,Le Puy Foot,France,982.6,8/27/2026,3069
1341,Folgore Caratese,Italy,982.5,8/27/2026,9450
1342,Veres Rivne,Ukraine,982.4,8/27/2026,6501
1343,Zoman,Ivory-Coast,982.4,8/27/2026,22584
1344,Casarano,Italy,982.3,8/27/2026,9542
1345,Casertana,Italy,982.1,8/27/2026,885
1346,Saburtalo,Georgia,982.0,8/27/2026,3502
1347,Academica,Portugal,981.9,8/27/2026,239
1348,Paide,Estonia,981.8,8/27/2026,3528
1349,Centre Chiefs,Botswana,981.5,8/27/2026,5419
1350,Juventus U23,Italy,981.5,8/27/2026,1715
1351,Mosul,Iraq,981.5,8/27/2026,26598
1352,Arges Pitesti,Romania,981.4,8/27/2026,2592
1353,Rivers United,Nigeria,981.2,8/27/2026,5192
1354,Deportes Iquique,Chile,980.9,8/27/2026,2319
1355,Milo,Guinea,980.8,8/27/2026,4424
1356,Maccabi Netanya,Israel,980.8,8/27/2026,4505
1357,Ayutthaya FC,Thailand,980.8,8/27/2026,2803
1358,Glentoran,Northern-Ireland,980.3,8/27/2026,5352
1359,Portimonense,Portugal,980.3,8/27/2026,216
1360,Kuala Lumpur FA,Malaysia,980.2,8/27/2026,2517
1361,Kitara,Uganda,980.2,8/27/2026,15562
1362,Al Nejmeh,Lebanon,980.2,8/27/2026,4570
1363,Rudes,Croatia,980.1,8/27/2026,1019
1364,Gimpo Citizen,South-Korea,980.0,8/27/2026,7078
1365,Xanthi FC,Greece,979.8,8/27/2026,959
1366,Al Qadsia,Kuwait,979.8,8/27/2026,3537
1367,Arenas Getxo,Spain,979.5,8/27/2026,9578
1368,Prato,Italy,979.2,8/27/2026,1680
1369,CD IN San Juan FC,Bolivia,978.8,8/27/2026,26596
1370,Widzew Łódź,Poland,978.8,8/27/2026,6962
1371,Proxy,Egypt,978.6,8/27/2026,20461
1372,Reading,England,978.5,8/27/2026,53
1373,Sporting de Cabinda,Angola,978.4,8/27/2026,4926
1374,Pro Palazzolo,Italy,978.3,8/27/2026,22329
1375,Al Jubail,Saudi-Arabia,978.1,8/27/2026,10508
1376,Sacramento Republic,USA,977.8,8/27/2026,4015
1377,Hércules,El-Salvador,977.8,8/27/2026,4666
1378,Audace Cerignola,Italy,977.0,8/27/2026,9539
1379,Carl Zeiss Jena,Germany,976.9,8/27/2026,1325
1380,Jahn Regensburg,Germany,976.7,8/27/2026,177
1381,Ionikos,Greece,976.7,8/27/2026,7513
1382,ABC,Brazil,976.5,8/27/2026,754
1383,FC Minsk,Belarus,976.5,8/27/2026,380
1384,SG Sonnenhof Grossaspach,Germany,976.2,8/27/2026,1317
1385,Brian Lignano,Italy,976.1,8/27/2026,24683
1386,Slavia Mozyr,Belarus,976.0,8/27/2026,751
1387,Radnicki NIS,Serbia,975.6,8/27/2026,2254
1388,Torpedo Zhodino,Belarus,975.3,8/27/2026,385
1389,US Tataouine,Tunisia,975.3,8/27/2026,1190
1390,FC Vitebsk,Belarus,975.2,8/27/2026,382
1391,Penafiel,Portugal,974.8,8/27/2026,235
1392,Al-Dhafra,United-Arab-Emirates,974.3,8/27/2026,2873
1393,Korona Kielce,Poland,974.3,8/27/2026,346
1394,Lusitânia Lourosa,Portugal,974.2,8/27/2026,6358
1395,Ferroviária,Brazil,973.9,8/27/2026,7826
1396,Monastir,Italy,973.6,8/27/2026,26523
1397,Bendel Insurance,Nigeria,973.4,8/27/2026,5173
1398,Real Espana,Honduras,973.3,8/27/2026,1058
1399,Vilafranquense,Portugal,973.2,8/27/2026,4717
1400,Sukhothai FC,Thailand,972.8,8/27/2026,2783
1401,Sfax Railways,Tunisia,972.6,8/27/2026,10633
1402,Livorno,Italy,972.4,8/27/2026,868
1403,Grosseto,Italy,972.2,8/27/2026,9499
1404,TSV 1860 Munich,Germany,972.2,8/27/2026,786
1405,Slovácko,Czech-Republic,972.0,8/27/2026,3719
1406,Lugo,Spain,971.8,8/27/2026,716
1407,Andijan,Uzbekistan,971.6,8/27/2026,4209
1408,Teungueth,Senegal,971.5,8/27/2026,5296
1409,Chemnitzer FC,Germany,971.4,8/27/2026,1328
1410,Struga,Macedonia,971.1,8/27/2026,4346
1411,Pianese,Italy,970.5,8/27/2026,6381
1412,JEF United Chiba,Japan,970.3,8/27/2026,301
1413,Al Hilal Karima,Sudan,969.8,8/27/2026,27317
1414,Kalmar FF,Sweden,969.6,8/27/2026,374
1415,Maringá,Brazil,969.5,8/27/2026,7833
1416,Al Ta'awon,Libya,969.3,8/27/2026,12426
1417,Vegalta Sendai,Japan,969.3,8/27/2026,286
1418,CD Marathon,Honduras,969.1,8/27/2026,1050
1419,Wycombe,England,969.0,8/27/2026,1358
1420,Aurora,Bolivia,969.0,8/27/2026,3637
1421,Botev Plovdiv,Bulgaria,968.7,8/27/2026,634
1422,CF Talavera,Spain,968.4,8/27/2026,5253
1423,FAS,El-Salvador,968.4,8/27/2026,4302
1424,Guarani Campinas,Brazil,968.4,8/27/2026,138
1425,Mérida AD,Spain,968.1,8/27/2026,10140
1426,Mansfield Town,England,968.0,8/27/2026,1374
1427,CD Motagua,Honduras,967.9,8/27/2026,1055
1428,Vasteras SK FK,Sweden,967.8,8/27/2026,2241
1429,Zalaegerszegi TE,Hungary,967.8,8/27/2026,2414
1430,Kongsvinger,Norway,967.8,8/27/2026,2144
1431,Al Kharaitiyat,Qatar,967.5,8/27/2026,2894
1432,Panserraikos,Greece,967.3,8/27/2026,2099
1433,Chico,Colombia,967.3,8/27/2026,1132
1434,Real Betis II,Spain,967.3,8/27/2026,9765
1435,Olympic Azzaweya,Libya,967.2,8/27/2026,12440
1436,Cracovia Krakow,Poland,967.2,8/27/2026,350
1437,Paysandu,Brazil,967.0,8/27/2026,149
1438,Hearts of Oak,Ghana,966.7,8/27/2026,12249
1439,Nam Dinh,Vietnam,966.6,8/27/2026,3674
1440,Busan I Park,South-Korea,966.6,8/27/2026,2752
1441,Al Arabi,Kuwait,966.6,8/27/2026,3532
1442,AS Trencin,Slovakia,966.5,8/27/2026,655
1443,Mangasport,Gabon,966.0,8/27/2026,8089
1444,Kagera Sugar,Tanzania,965.9,8/27/2026,12191
1445,Fassell,Liberia,965.8,8/27/2026,25192
1446,Auckland City,New-Zealand,965.8,8/27/2026,2537
1447,Conegliano,Italy,965.8,8/27/2026,26508
1448,Al Ramtha,Jordan,965.7,8/27/2026,4534
1449,Gimnasia Y Tiro,Argentina,965.7,8/27/2026,1928
1450,Brusque,Brazil,965.4,8/27/2026,1211
1451,Ironi Kiryat Shmona,Israel,965.4,8/27/2026,4510
1452,Hapoel Haifa,Israel,965.2,8/27/2026,2253
1453,Crotone,Italy,965.1,8/27/2026,501
1454,9 de Octubre,Ecuador,964.8,8/27/2026,10111
1455,Fortuna Köln,Germany,964.5,8/27/2026,1326
1456,Renate,Italy,964.5,8/27/2026,875
1457,Al Hilal,Libya,964.3,8/27/2026,8097
1458,Belenenses,Portugal,964.0,8/27/2026,221
1459,Sanremese,Italy,963.8,8/27/2026,9439
1460,Sport Boys,Peru,963.8,8/27/2026,2544
1461,Rovato Vertovese,Italy,963.8,8/27/2026,26519
1462,Yelimay Semey,Kazakhstan,963.7,8/27/2026,21011
1463,Aktobe,Kazakhstan,963.7,8/27/2026,4563
1464,FC Viktoria Koln,Germany,963.4,8/27/2026,1620
1465,Olympique Sport d'Abobo,Ivory-Coast,963.2,8/27/2026,24756
1466,Deportivo Maipu,Argentina,963.2,8/27/2026,1954
1467,Chabab Atl. Khenifra,Morocco,962.9,8/27/2026,970
1468,Club Deportivo Los Chankas,Peru,962.8,8/27/2026,2572
1469,Nouakchott Academie,Mauritania,962.5,8/27/2026,26812
1470,FK Zalgiris Vilnius,Lithuania,962.2,8/27/2026,586
1471,Musongati,Burundi,962.2,8/27/2026,12184
1472,Stromsgodset,Norway,962.1,8/27/2026,324
1473,East Bengal II,India,962.0,8/27/2026,21137
1474,Tianjin Teda,China,961.8,8/27/2026,837
1475,Malisheva,Kosovo,961.8,8/27/2026,15576
1476,Blue Eagles,Malawi,961.7,8/27/2026,4584
1477,Chaves,Portugal,961.4,8/27/2026,223
1478,Kristiansund BK,Norway,961.3,8/27/2026,320
1479,Águilas,Spain,961.2,8/27/2026,9823
1480,Visakha,Cambodia,961.1,8/27/2026,5397
1481,Athletic Club II,Spain,960.9,8/27/2026,9579
1482,Morupule Wanderers,Botswana,960.8,8/27/2026,6386
1483,Seravezza,Italy,960.4,8/27/2026,9441
1484,Ujpest,Hungary,960.4,8/27/2026,2255
1485,Jaguares,Colombia,960.1,8/27/2026,1133
1486,Entebbe UPPC,Uganda,960.0,8/27/2026,26700
1487,FC Gutersloh,Germany,960.0,8/27/2026,14485
1488,Lokomotiv Plovdiv,Bulgaria,959.9,8/27/2026,858
1489,Fleury 91,France,959.8,8/27/2026,3179
1490,N'Zidane,Mauritania,959.6,8/27/2026,24798
1491,ASPAC,Benin,959.6,8/27/2026,5453
1492,Naft,Iraq,959.4,8/27/2026,11071
1493,Omiya Ardija,Japan,959.2,8/27/2026,313
1494,Cancún,Mexico,959.2,8/27/2026,14276
1495,Gravina,Italy,959.1,8/27/2026,9546
1496,Romana,Italy,959.0,8/27/2026,22316
1497,Newroz,Iraq,959.0,8/27/2026,25062
1498,Oriente Petrolero,Bolivia,958.8,8/27/2026,3707
1499,Henan Jianye,China,958.2,8/27/2026,840
1500,MTK Budapest,Hungary,958.2,8/27/2026,2396
1501,Seongnam FC,South-Korea,958.0,8/27/2026,2757
1502,Manzini Sea Birds,Eswatini,958.0,8/27/2026,16817
1503,Caxias,Brazil,957.9,8/27/2026,7770
1504,Cittadella,Italy,957.9,8/27/2026,510
1505,Kaloum Star,Guinea,957.9,8/27/2026,4418
1506,Città di Fasano,Italy,957.9,8/27/2026,5604
1507,Rukinzo,Burundi,957.8,8/27/2026,8070
1508,Al-Sailiya,Qatar,957.7,8/27/2026,2898
1509,Barau FC,Nigeria,957.5,8/27/2026,26400
1510,Gimnasia Jujuy,Argentina,957.4,8/27/2026,479
1511,Dynamic Herb Cebu,Philippines,956.9,8/27/2026,18265
1512,Orapa United,Botswana,956.6,8/27/2026,5425
1513,Al Karkh,Iraq,956.6,8/27/2026,15544
1514,Barcelona B,Spain,956.5,8/27/2026,712
1515,Racing Ferrol,Spain,956.5,8/27/2026,9409
1516,Atletico FC,Ecuador,956.3,8/27/2026,27548
1517,Apollon Smirnis,Greece,956.2,8/27/2026,951
1518,Detroit City,USA,955.8,8/27/2026,9043
1519,Santa Cruz,Brazil,955.7,8/27/2026,753
1520,Macva,Serbia,955.6,8/27/2026,2637
1521,Sambiase,Italy,955.3,8/27/2026,24699
1522,Pompiers,Mauritania,955.3,8/27/2026,21987
1523,CD Coria,Spain,954.7,8/27/2026,9827
1524,NEC,Uganda,954.5,8/27/2026,22699
1525,AC Palermo,Italy,954.5,8/27/2026,26521
1526,Riadi Salmi,Morocco,954.5,8/27/2026,3456
1527,Mito Hollyhock,Japan,954.2,8/27/2026,305
1528,UD Ourense,Spain,954.2,8/27/2026,9617
1529,Muangthong United,Thailand,954.0,8/27/2026,2786
1530,Motor Lublin,Poland,953.8,8/27/2026,14562
1531,Dinamo Tirana,Albania,953.8,8/27/2026,3326
1532,FK Tobol Kostanay,Kazakhstan,953.6,8/27/2026,2259
1533,Quindio,Colombia,953.5,8/27/2026,1461
1534,Al Salt,Jordan,953.5,8/27/2026,4535
1535,Diriangén,Nicaragua,953.2,8/27/2026,4641
1536,Chabab Ben Guerir,Morocco,953.2,8/27/2026,3450
1537,Racing FC Union Luxembourg,Luxembourg,953.2,8/27/2026,2030
1538,CDS Tampico Madero,Mexico,953.0,8/27/2026,19905
1539,Hangzhou Greentown,China,953.0,8/27/2026,848
1540,Valletta FC,Malta,952.9,8/27/2026,659
1541,Cotonsport,Cameroon,952.9,8/27/2026,5401
1542,Union Sportive Boujaad,Morocco,952.7,8/27/2026,26496
1543,Progres Niederkorn,Luxembourg,952.6,8/27/2026,658
1544,Milan II,Italy,952.5,8/27/2026,24205
1545,Managua,Nicaragua,952.3,8/27/2026,4644
1546,Karbala,Iraq,952.1,8/27/2026,20464
1547,Dubai City,Finland,952.0,8/27/2026,17713
1548,Angkor Tiger,Cambodia,952.0,8/27/2026,5385
1549,Derby Academie,Mali,951.9,8/27/2026,27223
1550,Albirex Niigata,Japan,951.8,8/27/2026,311
1551,Rot-weiss Oberhausen,Germany,951.7,8/27/2026,1658
1552,Guadalajara,Spain,951.6,8/27/2026,9900
1553,Ilves,Finland,951.3,8/27/2026,1163
1554,Real Potosí,Bolivia,951.0,8/27/2026,3708
1555,Cherno More Varna,Bulgaria,951.0,8/27/2026,851
1556,FC Santa Coloma,Andorra,950.7,8/27/2026,591
1557,Puerto Cabello,Venezuela,950.4,8/27/2026,2827
1558,Paro,Bhutan,950.4,8/27/2026,9426
1559,Real Giulianova,Italy,950.3,8/27/2026,9516
1560,CA Estudiantes,Argentina,950.3,8/27/2026,1936
1561,Nardò,Italy,950.3,8/27/2026,9536
1562,Barry Town,Wales,950.0,8/27/2026,361
1563,Al-Tahaddi,Libya,949.9,8/27/2026,12431
1564,AS Kasserine,Tunisia,949.8,8/27/2026,10615
1565,Merreikh Kosti,Sudan,949.5,8/27/2026,5545
1566,Ypiranga-RS,Brazil,949.0,8/27/2026,1221
1567,Imigresen,Malaysia,948.9,8/27/2026,10430
1568,Vasas,Hungary,948.7,8/27/2026,675
1569,Arzignano Valchiampo,Italy,948.6,8/27/2026,6378
1570,Stabaek,Norway,948.6,8/27/2026,323
1571,Berekum Chelsea,Ghana,948.6,8/27/2026,12244
1572,La Fiorita,San-Marino,948.2,8/27/2026,2249
1573,Asan Mugunghwa,South-Korea,948.1,8/27/2026,2753
1574,Vis Pesaro,Italy,948.0,8/27/2026,1708
1575,Young Buffaloes,Eswatini,948.0,8/27/2026,8076
1576,Zakho,Iraq,948.0,8/27/2026,15547
1577,Kanchanaburi,Thailand,948.0,8/27/2026,18051
1578,Auda,Latvia,947.8,8/27/2026,4135
1579,Leon Monza e Brianza,Italy,947.5,8/27/2026,17904
1580,Alcoyano,Spain,947.4,8/27/2026,9686
1581,Sileks,Macedonia,947.4,8/27/2026,4331
1582,Almirante Brown,Argentina,947.3,8/27/2026,8375
1583,Poblense,Spain,947.2,8/27/2026,5273
1584,Feirense,Portugal,947.1,8/27/2026,213
1585,Città di Varese,Italy,947.0,8/27/2026,17809
1586,Negeri Sembilan,Malaysia,947.0,8/27/2026,2502
1587,Persebaya Surabaya,Indonesia,946.9,8/27/2026,2446
1588,Lecco,Italy,946.8,8/27/2026,6379
1589,Nyiregyhaza,Hungary,946.7,8/27/2026,2403
1590,Vikingur Gota,Faroe-Islands,946.7,8/27/2026,580
1591,Gimnastic,Spain,946.6,8/27/2026,714
1592,Rhode Island,USA,946.5,8/27/2026,22855
1593,Hwaseong,South-Korea,946.2,8/27/2026,7087
1594,Celle Varazze,Italy,946.1,8/27/2026,26507
1595,Floresta,Brazil,946.1,8/27/2026,7774
1596,Mornar,Montenegro,946.0,8/27/2026,3740
1597,Redonda FC,Angola,946.0,8/27/2026,26666
1598,Fram Reykjavik,Iceland,945.9,8/27/2026,2117
1599,Dila,Georgia,945.8,8/27/2026,3499
1600,Internacional Palmira,Colombia,945.6,8/27/2026,23326
1601,Tre Penne,San-Marino,945.4,8/27/2026,700
1602,SV Drochtersen/assel,Germany,945.4,8/27/2026,1623
1603,Vitesse,Netherlands,945.0,8/27/2026,200
1604,AC Douane,Mauritania,944.9,8/27/2026,17924
1605,Nakhon Ratchasima FC,Thailand,944.8,8/27/2026,2773
1606,Racing d'Abidjan,Ivory-Coast,944.6,8/27/2026,4519
1607,Boeung Ket,Cambodia,944.5,8/27/2026,5387
1608,Ranger's,Andorra,944.5,8/27/2026,3353
1609,GAP Connah S Quay FC,Wales,944.4,8/27/2026,357
1610,Jendouba Sport,Tunisia,944.4,8/27/2026,10611
1611,Nouakchott King's,Mauritania,944.4,8/27/2026,16172
1612,Oţelul,Romania,944.3,8/27/2026,6886
1613,Tau Altopascio,Italy,944.2,8/27/2026,19986
1614,Shelbourne,Ireland,944.2,8/27/2026,3854
1615,Kun Khalifat FC,Nigeria,944.1,8/27/2026,26401
1616,Wydad Fès,Morocco,943.6,8/27/2026,3459
1617,La Roche VF,France,943.5,8/27/2026,9915
1618,Blooming,Bolivia,943.5,8/27/2026,3701
1619,Oostende,Belgium,943.4,8/27/2026,624
1620,North District,Hong-Kong,943.3,8/27/2026,6401
1621,Tarazona,Spain,943.2,8/27/2026,9416
1622,Real Cartagena,Colombia,943.1,8/27/2026,1459
1623,El Paso Locomotive,USA,942.8,8/27/2026,3993
1624,Kudrivka,Ukraine,942.8,8/27/2026,21953
1625,Amorebieta,Spain,942.7,8/27/2026,9380
1626,Robin Hood,Suriname,942.6,8/27/2026,10980
1627,Heartland,Nigeria,942.1,8/27/2026,5180
1628,Gualaceo SC,Ecuador,942.0,8/27/2026,1986
1629,AZ Picerno,Italy,941.8,8/27/2026,1587
1630,Vision,Ghana,941.7,8/27/2026,22782
1631,Al Minaa Basra,Iraq,941.6,8/27/2026,11065
1632,Kaya,Philippines,941.6,8/27/2026,8030
1633,Tatran Prešov,Slovakia,941.5,8/27/2026,10550
1634,Ethnikos Achna,Cyprus,941.1,8/27/2026,3412
1635,CS Cartagines,Costa-Rica,941.0,8/27/2026,820
1636,Waldhof Mannheim,Germany,941.0,8/27/2026,4268
1637,AS Sobemap,Benin,941.0,8/27/2026,5468
1638,Guidonia Montecelio 1937,Italy,940.9,8/27/2026,882
1639,Dalian Zhixing,China,940.7,8/27/2026,21263
1640,Grasshoppers,Switzerland,940.6,8/27/2026,1013
1641,Flaminia,Italy,940.3,8/27/2026,9497
1642,Patro Eisden,Belgium,940.2,8/27/2026,6222
1643,Vital'O,Burundi,939.3,8/27/2026,12186
1644,Yangon United,Myanmar,939.2,8/27/2026,8013
1645,Pittsburgh Riverhounds,USA,939.0,8/27/2026,4010
1646,Juventud Torremolinos,Spain,938.9,8/27/2026,15359
1647,Niort,France,938.8,8/27/2026,113
1648,Teruel,Spain,938.6,8/27/2026,5278
1649,Coton Sport Ouidah,Benin,938.6,8/27/2026,18113
1650,Royal Leopards,Eswatini,938.5,8/27/2026,16822
1651,Cittadella Vis Modena,Italy,938.4,8/27/2026,24686
1652,Torres,Italy,938.3,8/27/2026,9534
1653,Maranhão,Brazil,938.2,8/27/2026,7832
1654,Génération Foot,Senegal,938.1,8/27/2026,5288
1655,Metropolitanos FC,Venezuela,938.0,8/27/2026,2825
1656,Banga,Lithuania,937.9,8/27/2026,3858
1657,Sambenedettese,Italy,937.4,8/27/2026,871
1658,Al Shomooa SC,Libya,937.3,8/27/2026,27453
1659,Shooting Stars,Nigeria,937.3,8/27/2026,5504
1660,Progreso,Uruguay,937.1,8/27/2026,2363
1661,USFA,Burkina-Faso,936.7,8/27/2026,8570
1662,Kallithea,Greece,936.6,8/27/2026,2095
1663,Lokeren-Temse,Belgium,936.6,8/27/2026,14128
1664,Burton Albion,England,936.6,8/27/2026,748
1665,Colon Santa Fe,Argentina,936.5,8/27/2026,448
1666,FC Zurich,Switzerland,936.4,8/27/2026,783
1667,Uta Arad,Romania,936.1,8/27/2026,2589
1668,Scanzorosciate,Italy,936.0,8/27/2026,9457
1669,ZESCO United,Zambia,936.0,8/27/2026,5214
1670,FC Mariupol,Ukraine,936.0,8/27/2026,2252
1671,Doncaster,England,935.8,8/27/2026,1354
1672,Alittihad Misurata,Libya,935.7,8/27/2026,12433
1673,Cambridge United,England,935.7,8/27/2026,1370
1674,Duhok,Iraq,935.6,8/27/2026,20463
1675,Real Jaén,Spain,935.6,8/27/2026,5274
1676,Stade Marocain,Morocco,935.5,8/27/2026,15549
1677,Clodiense,Italy,935.5,8/27/2026,9469
1678,AF Elbasani,Albania,935.5,8/27/2026,20406
1679,Degerfors IF,Sweden,935.1,8/27/2026,2172
1680,Real Normanna,Italy,935.1,8/27/2026,17858
1681,Stevenage,England,934.9,8/27/2026,1368
1682,Radomiak Radom,Poland,934.8,8/27/2026,4248
1683,Korba,Tunisia,934.8,8/27/2026,10617
1684,Deportiva Minera,Spain,934.7,8/27/2026,9811
1685,Figueirense,Brazil,934.6,8/27/2026,137
1686,Ikorodu City,Nigeria,934.6,8/27/2026,24512
1687,Kazma,Kuwait,934.6,8/27/2026,3540
1688,Mineros de Zacatecas,Mexico,934.4,8/27/2026,2299
1689,Royal Vision,Burundi,934.2,8/27/2026,24755
1690,Al Merreikh,Rwanda,934.2,8/27/2026,5239
1691,La Fenice Amaranto,Italy,934.2,8/27/2026,22441
1692,Canon,Cameroon,933.8,8/27/2026,5560
1693,Kiyovu Sports,Rwanda,933.7,8/27/2026,5317
1694,Chievo,Italy,933.6,8/27/2026,491
1695,Plateau United,Nigeria,933.6,8/27/2026,5190
1696,Enyimba,Nigeria,933.2,8/27/2026,5177
1697,Wisla Krakow,Poland,933.1,8/27/2026,338
1698,Monarcas,Mexico,933.0,8/27/2026,2284
1699,Hallescher FC,Germany,932.9,8/27/2026,1316
1700,Basconia,Spain,932.8,8/27/2026,9656
1701,Sagan Tosu,Japan,932.8,8/27/2026,295
1702,Bate Borisov,Belarus,932.6,8/27/2026,388
1703,ASKO,Mali,932.6,8/27/2026,12686
1704,Real Estelí,Nicaragua,932.6,8/27/2026,4645
1705,Zlin,Czech-Republic,932.5,8/27/2026,603
1706,Nasarawa United,Nigeria,932.4,8/27/2026,5188
1707,Flambeau du Centre,Burundi,932.3,8/27/2026,12179
1708,Sporting CP B,Portugal,932.2,8/27/2026,761
1709,Highlanders,Eswatini,932.2,8/27/2026,16826
1710,Inter De Limeira,Brazil,932.2,8/27/2026,1201
1711,Obolon'-Brovar,Ukraine,932.1,8/27/2026,3630
1712,San Martin Tucuman,Argentina,931.8,8/27/2026,485
1713,Bukovyna,Ukraine,931.7,8/27/2026,6486
1714,Osters IF,Sweden,931.4,8/27/2026,2174
1715,Al-Magd,Libya,931.2,8/27/2026,25455
1716,Slavia Sofia,Bulgaria,930.9,8/27/2026,854
1717,Midland,Argentina,930.8,8/27/2026,1963
1718,Marsaxlokk,Malta,930.8,8/27/2026,14507
1719,Altavilla,Italy,930.6,8/27/2026,26504
1720,Sestri Levante,Italy,930.6,8/27/2026,17815
1721,Konkola Blades,Zambia,930.6,8/27/2026,5514
1722,Fujieda MYFC,Japan,930.5,8/27/2026,4317
1723,Onze Créateurs,Mali,930.5,8/27/2026,8093
1724,Piast Gliwice,Poland,930.4,8/27/2026,349
1725,Municipal Liberia,Costa-Rica,930.4,8/27/2026,826
1726,USM Oujda,Morocco,930.3,8/27/2026,17716
1727,Scandicci,Italy,930.3,8/27/2026,9504
1728,Hannover 96 II,Germany,930.3,8/27/2026,9341
1729,Peterborough,England,930.0,8/27/2026,1350
1730,Siracusa,Italy,929.4,8/27/2026,894
1731,Gnistan,Finland,929.1,8/27/2026,2082
1732,Kokand-1912,Uzbekistan,929.1,8/27/2026,4212
1733,Christchurch United,New-Zealand,928.9,8/27/2026,20652
1734,Mardin 1969,Turkey,928.9,8/27/2026,6533
1735,Bakaridjan,Mali,928.8,8/27/2026,12668
1736,Pineto,Italy,928.8,8/27/2026,9514
1737,Gubbio,Italy,928.3,8/27/2026,866
1738,Balestier Khalsa,Singapore,927.4,8/27/2026,4201
1739,Kansanshi Dynamos,Zambia,927.3,8/27/2026,7455
1740,Alay,Kyrgyzstan,927.2,8/27/2026,8022
1741,Latina,Italy,927.2,8/27/2026,804
1742,Lokomotive Leipzig,Germany,927.0,8/27/2026,9355
1743,CS Herediano,Costa-Rica,927.0,8/27/2026,815
1744,Derry City,Ireland,926.9,8/27/2026,670
1745,Velež,Bosnia,926.8,8/27/2026,3381
1746,Al Nasr,Oman,926.5,8/27/2026,2878
1747,Atlanta,Argentina,926.4,8/27/2026,1948
1748,Botev Vratsa,Bulgaria,926.3,8/27/2026,859
1749,El Mansura,Egypt,926.3,8/27/2026,16432
1750,Estepona,Spain,926.2,8/27/2026,15358
1751,Man Utd Zambia Academy,Zambia,926.0,8/27/2026,5205
1752,Vigor Lamezia,Italy,926.0,8/27/2026,26516
1753,Hapoel Katamon,Israel,925.5,8/27/2026,4486
1754,IFK Norrkoping,Sweden,925.4,8/27/2026,378
1755,Dukla Praha,Czech-Republic,925.2,8/27/2026,3715
1756,Tokushima Vortis,Japan,925.2,8/27/2026,299
1757,Irapuato,Mexico,924.8,8/27/2026,15932
1758,Amiens,France,924.8,8/27/2026,87
1759,Antalyaspor,Turkey,924.8,8/27/2026,1005
1760,Komárno,Slovakia,924.7,8/27/2026,10535
1761,Paganese,Italy,924.7,8/27/2026,890
1762,Sestao River,Spain,924.6,8/27/2026,9413
1763,Fulgens Foligno,Italy,924.6,8/27/2026,24692
1764,Ho Chi Minh,Vietnam,924.3,8/27/2026,3672
1765,Bibiani Gold Stars,Ghana,924.2,8/27/2026,17993
1766,Perugia,Italy,924.1,8/27/2026,524
1767,Shan United,Myanmar,924.0,8/27/2026,8015
1768,Ross County,Scotland,923.9,8/27/2026,902
1769,Breidablik,Iceland,923.9,8/27/2026,276
1770,Nations,Ghana,923.7,8/27/2026,21082
1771,Deinze,Belgium,923.1,8/27/2026,6214
1772,SV Wehen,Germany,923.0,8/27/2026,1319
1773,Maleyet Kafr El Zayiat,Egypt,923.0,8/27/2026,25467
1774,Atlético Ottawa,Canada,922.9,8/27/2026,10169
1775,Remo Stars,Nigeria,922.8,8/27/2026,5191
1776,Fortis,Bangladesh,922.7,8/27/2026,20780
1777,Naft Maysan,Iraq,922.7,8/27/2026,11074
1778,LPRC Oilers,Liberia,922.4,8/27/2026,6425
1779,Tersana,Egypt,922.3,8/27/2026,15739
1780,Altglienicke,Germany,922.2,8/27/2026,9349
1781,Bechem United,Ghana,922.2,8/27/2026,8099
1782,Marko,Greece,922.0,8/27/2026,12403
1783,Osasuna II,Spain,921.8,8/27/2026,9584
1784,Kano Pillars,Nigeria,921.8,8/27/2026,5183
1785,AJEL,Senegal,921.8,8/27/2026,25067
1786,Atalanta II,Italy,921.8,8/27/2026,22104
1787,Atlètic Club d'Escaldes,Andorra,921.7,8/27/2026,3345
1788,Defence Force,Trinidad-And-Tobago,921.7,8/27/2026,12563
1789,KAC Kenitra,Morocco,921.7,8/27/2026,979
1790,Kerkennah,Tunisia,921.6,8/27/2026,10616
1791,Green Eagles,Zambia,921.6,8/27/2026,5200
1792,Orange County SC,USA,921.4,8/27/2026,4007
1793,Sheffield Wednesday,England,921.4,8/27/2026,74
1794,Treviso,Italy,921.2,8/27/2026,22319
1795,Racing Santander II,Spain,921.0,8/27/2026,9643
1796,Caen,France,920.8,8/27/2026,88
1797,San Antonio,Ecuador,920.7,8/27/2026,23310
1798,ATK Mohun Bagan,India,920.6,8/27/2026,15516
1799,Aral,Uzbekistan,920.5,8/27/2026,18785
1800,SGV Freiberg,Germany,920.5,8/27/2026,12846
1801,Recreativo Huelva,Spain,920.4,8/27/2026,9410
1802,Cibao,Dominican-Republic,920.4,8/27/2026,8004
1803,Real Avilés,Spain,920.2,8/27/2026,9632
1804,Igea Virtus,Italy,920.0,8/27/2026,22310
1805,Mount Pleasant Academy,Jamaica,920.0,8/27/2026,3442
1806,Slask Wroclaw,Poland,919.8,8/27/2026,337
1807,Mumbai City,India,919.6,8/27/2026,3478
1808,Roda,Netherlands,919.4,8/27/2026,414
1809,Atletico Ascoli,Italy,919.3,8/27/2026,22302
1810,Dukagjini,Kosovo,919.2,8/27/2026,14393
1811,Numancia,Spain,919.0,8/27/2026,717
1812,Akritas,Cyprus,919.0,8/27/2026,3406
1813,Young Apostles,Ghana,918.9,8/27/2026,22783
1814,Al Wahda,Oman,918.3,8/27/2026,8035
1815,Santo Domingo,Ecuador,918.2,8/27/2026,19414
1816,SS Monopoli,Italy,918.1,8/27/2026,10138
1817,Leyton Orient,England,917.9,8/27/2026,1373
1818,Sabah FA,Malaysia,917.9,8/27/2026,2505
1819,Kabwe Warriors,Zambia,917.8,8/27/2026,5201
1820,Phönix Lübeck,Germany,917.7,8/27/2026,12831
1821,Panthère,Cameroon,917.5,8/27/2026,5564
1822,De Graafschap,Netherlands,917.4,8/27/2026,199
1823,Green Mamba,Eswatini,917.3,8/27/2026,6421
1824,CA La Paz,Mexico,917.2,8/27/2026,19024
1825,TAFIC,Botswana,917.2,8/27/2026,5597
1826,Bunyodkor,Uzbekistan,916.9,8/27/2026,4210
1827,Unipomezia,Italy,916.9,8/27/2026,17834
1828,Colegiales,Argentina,916.8,8/27/2026,8377
1829,Huachipato,Chile,916.8,8/27/2026,2328
1830,Police,Uganda,916.7,8/27/2026,12461
1831,Francavilla,Italy,916.6,8/27/2026,9543
1832,Welayta Dicha,Ethiopia,916.5,8/27/2026,4124
1833,Abahani,Bangladesh,916.5,8/27/2026,5009
1834,Manisa F.K.,Turkey,916.4,8/27/2026,3597
1835,Trastevere,Italy,916.3,8/27/2026,874
1836,Tapatío,Mexico,916.3,8/27/2026,14278
1837,America Mineiro,Brazil,916.3,8/27/2026,125
1838,Batman Petrolspor,Turkey,916.2,8/27/2026,7395
1839,Forli,Italy,916.2,8/27/2026,1688
1840,Gorée,Senegal,916.0,8/27/2026,5287
1841,Ružomberok,Slovakia,915.9,8/27/2026,3549
1842,Chemal,Mauritania,915.9,8/27/2026,20469
1843,Moneni Pirates,Eswatini,915.8,8/27/2026,16821
1844,Tepatitlán,Mexico,915.8,8/27/2026,14279
1845,AFC Leopards,Kenya,915.8,8/27/2026,2472
1846,Farul Constanta,Romania,915.7,8/27/2026,2596
1847,Bassano Virtus,Italy,915.7,8/27/2026,881
1848,Swedru All Blacks,Ghana,915.6,8/27/2026,21093
1849,US Bougouba,Mali,915.4,8/27/2026,18183
1850,Fidelis Andria,Italy,915.1,8/27/2026,1695
1851,Chisola,Italy,914.8,8/27/2026,19970
1852,Vora,Albania,914.8,8/27/2026,3340
1853,Dewa United,Indonesia,914.7,8/27/2026,17902
1854,Este,Italy,914.6,8/27/2026,9471
1855,Ashanti GB,Guinea,914.6,8/27/2026,4410
1856,Phoenix Rising,USA,914.6,8/27/2026,4009
1857,ADT,Peru,914.5,8/27/2026,10492
1858,Hoffenheim II,Germany,914.3,8/27/2026,9364
1859,Khaleej Sart,Libya,914.2,8/27/2026,12438
1860,Utebo,Spain,914.1,8/27/2026,9891
1861,Sidama Bunna,Ethiopia,914.0,8/27/2026,4123
1862,Amazonas,Brazil,914.0,8/27/2026,10862
1863,Loto Popo,Benin,913.7,8/27/2026,18114
1864,Penang,Malaysia,913.7,8/27/2026,2504
1865,Lexington,USA,913.5,8/27/2026,20808
1866,Xerez,Spain,913.4,8/27/2026,9770
1867,Comerciantes Unidos,Peru,913.2,8/27/2026,2558
1868,Nocerina,Italy,913.2,8/27/2026,9548
1869,Katsina United,Nigeria,913.1,8/27/2026,5184
1870,Sarnese,Italy,913.1,8/27/2026,24700
1871,Atletico Grau,Peru,913.0,8/27/2026,2564
1872,Bình Phước,Vietnam,912.5,8/27/2026,9161
1873,Nimes,France,912.1,8/27/2026,92
1874,Borussia Dortmund II,Germany,912.1,8/27/2026,9367
1875,Aduana Stars,Ghana,912.1,8/27/2026,8079
1876,FC 08 Homburg,Germany,912.1,8/27/2026,1634
1877,Stade Mandji,Gabon,911.8,8/27/2026,19865
1878,Haugesund,Norway,911.6,8/27/2026,328
1879,Táborsko,Czech-Republic,911.5,8/27/2026,3726
1880,Valmontone,Italy,911.4,8/27/2026,26515
1881,Al Ahli,Jordan,911.4,8/27/2026,4529
1882,Gualberto Villarroel SJ,Bolivia,911.4,8/27/2026,22266
1883,Tikveš,Macedonia,911.3,8/27/2026,4348
1884,Mestre,Italy,911.2,8/27/2026,1704
1885,Orgryte IS,Sweden,911.1,8/27/2026,2166
1886,Wieczysta Kraków,Poland,911.0,8/27/2026,17115
1887,Giana Erminio,Italy,910.9,8/27/2026,865
1888,Venados FC,Mexico,910.8,8/27/2026,2311
1889,Araz,Azerbaijan,910.7,8/27/2026,11238
1890,Karela,Ghana,910.6,8/27/2026,12251
1891,Linfield,Northern-Ireland,910.5,8/27/2026,583
1892,Kataller Toyama,Japan,910.3,8/27/2026,4322
1893,Torpedo Kutaisi,Georgia,910.3,8/27/2026,685
1894,Diyala,Iraq,910.2,8/27/2026,25061
1895,Lumezzane,Italy,910.2,8/27/2026,1689
1896,VPS,Finland,909.7,8/27/2026,650
1897,Ouakam,Senegal,909.6,8/27/2026,5554
1898,Qizilqum,Uzbekistan,909.6,8/27/2026,4221
1899,Bursaspor,Turkey,909.2,8/27/2026,1003
1900,Real Oruro,Bolivia,909.1,8/27/2026,20252
1901,Maccabi Petah Tikva,Israel,909.1,8/27/2026,4495
1902,Lokomotiv Sofia,Bulgaria,909.1,8/27/2026,1416
1903,Bryne,Norway,908.9,8/27/2026,2142
1904,Olancho,Honduras,908.9,8/27/2026,19456
1905,Township Rollers,Botswana,908.9,8/27/2026,5431
1906,Milton Keynes Dons,England,908.5,8/27/2026,1348
1907,Al-Shabab,Oman,908.5,8/27/2026,5329
1908,Novara,Italy,908.4,8/27/2026,513
1909,Anápolis,Brazil,908.3,8/27/2026,7852
1910,Chaco For Ever,Argentina,908.3,8/27/2026,1946
1911,Police,Kenya,908.0,8/27/2026,8560
1912,Viitorul Constanta,Romania,908.0,8/27/2026,570
1913,Samartex,Ghana,908.0,8/27/2026,20022
1914,Tre Fiori,San-Marino,908.0,8/27/2026,2260
1915,KMC,Tanzania,908.0,8/27/2026,8061
1916,Surkhon,Uzbekistan,907.7,8/27/2026,4225
1917,Shabab Al Ordon,Jordan,907.6,8/27/2026,4539
1918,Caernarfon Town,Scotland,907.5,8/27/2026,356
1919,Albinoleffe,Italy,907.4,8/27/2026,879
1920,Rukh Vynnyky,Ukraine,907.4,8/27/2026,3632
1921,Afragolese,Italy,907.2,8/27/2026,17841
1922,Hartford Athletic,USA,907.0,8/27/2026,3995
1923,Grenades,Antigua-And-Barbuda,906.8,8/27/2026,22795
1924,Valencia II,Spain,906.8,8/27/2026,9594
1925,Al Karama,Syria,906.7,8/27/2026,9111
1926,Pro Sesto,Italy,906.2,8/27/2026,9456
1927,Thimphu City,Bhutan,906.2,8/27/2026,5592
1928,Wally Daan,Senegal,906.1,8/27/2026,25070
1929,Bamboutos,Cameroon,906.1,8/27/2026,5557
1930,FSV Zwickau,Germany,906.0,8/27/2026,1315
1931,Stuttgart II,Germany,906.0,8/27/2026,12867
1932,Leones Negros UDG,Mexico,905.9,8/27/2026,2307
1933,Cannes,France,905.9,8/27/2026,9932
1934,Ironi Tiberias,Israel,905.8,8/27/2026,6181
1935,Pordenone,Italy,905.6,8/27/2026,862
1936,SNIM,Mauritania,905.6,8/27/2026,8071
1937,Kirchanschöring,Germany,905.5,8/27/2026,12805
1938,PAOK II,Greece,905.4,8/27/2026,18018
1939,Assabah SC,Libya,905.3,8/27/2026,27454
1940,Gozzano,Italy,905.2,8/27/2026,1714
1941,Ebro,Spain,905.2,8/27/2026,5261
1942,Oltrepò,Italy,905.0,8/27/2026,24695
1943,Zhenys,Kazakhstan,904.9,8/27/2026,16611
1944,Notts County,England,904.8,8/27/2026,1376
1945,Europa,Gibraltar,904.7,8/27/2026,10125
1946,D. La Serena,Chile,904.6,8/27/2026,2341
1947,Reddis,Spain,904.6,8/27/2026,22136
1948,Wisla Plock,Poland,904.5,8/27/2026,341
1949,Tevragh-Zeïne,Mauritania,904.2,8/27/2026,15521
1950,Quilmes,Argentina,903.8,8/27/2026,480
1951,Wefaq Ajdabiya,Libya,903.1,8/27/2026,25457
1952,Gharraf,Iraq,903.0,8/27/2026,26600
1953,Vautour Club,Gabon,902.9,8/27/2026,21194
1954,Sport Huancayo,Peru,902.9,8/27/2026,2555
1955,Bromley,England,902.9,8/27/2026,1832
1956,Bengaluru,India,902.9,8/27/2026,3472
1957,Zeljeznicar Sarajevo,Bosnia,902.8,8/27/2026,654
1958,Valmiera / BSS,Latvia,902.7,8/27/2026,4153
1959,Miramar,New-Zealand,902.7,8/27/2026,20672
1960,Police,Rwanda,902.6,8/27/2026,5322
1961,Al Watan,Libya,902.3,8/27/2026,25454
1962,All Saints United,Antigua-And-Barbuda,902.3,8/27/2026,22791
1963,Ústí nad Labem,Czech-Republic,902.3,8/27/2026,3735
1964,Ngezi Platinum,Zimbabwe,902.3,8/27/2026,5229
1965,RCC Kamsar,Guinea,902.2,8/27/2026,25448
1966,Union Espanola,Chile,901.8,8/27/2026,2321
1967,Mouloudia Oujda,Morocco,901.7,8/27/2026,1075
1968,Othellos,Cyprus,901.7,8/27/2026,3418
1969,Bandırmaspor,Turkey,901.5,8/27/2026,3584
1970,Bordeaux,France,901.4,8/27/2026,78
1971,Petrolul Ploiesti,Romania,901.4,8/27/2026,2598
1972,Foligno Calcio,Italy,901.2,8/27/2026,9496
1973,Asante Kotoko,Ghana,901.2,8/27/2026,6411
1974,FC Urartu,Armenia,901.0,8/27/2026,2276
1975,Sepsi OSK Sfantu Gheorghe,Romania,900.9,8/27/2026,2585
1976,Lijabatho,Lesotho,900.5,8/27/2026,20980
1977,UCV Moquegua,Peru,900.5,8/27/2026,22489
1978,Start,Norway,900.4,8/27/2026,334
1979,Zemun,Serbia,900.4,8/27/2026,2642
1980,Mohammedan Dhaka,Bangladesh,900.1,8/27/2026,5014
1981,Campodarsego,Italy,900.0,8/27/2026,1592
1982,Weiche Flensburg,Germany,899.9,8/27/2026,1649
1983,Tudelano,Spain,899.9,8/27/2026,5279
1984,Mali Coura,Mali,899.7,8/27/2026,27222
1985,Alcione,Italy,899.7,8/27/2026,17824
1986,Correggese,Italy,899.7,8/27/2026,9483
1987,Al Kahrabaa,Iraq,899.6,8/27/2026,11064
1988,Ospitaletto,Italy,899.5,8/27/2026,24696
1989,Amarante,Portugal,899.2,8/27/2026,4725
1990,Gjilani,Kosovo,899.0,8/27/2026,12772
1991,Xelajú,Guatemala,898.9,8/27/2026,3667
1992,Retrô,Brazil,898.8,8/27/2026,13098
1993,El Seka El Hadid,Egypt,898.6,8/27/2026,18031
1994,Keçiörengücü,Turkey,897.7,8/27/2026,3595
1995,Bali United,Indonesia,897.7,8/27/2026,2448
1996,Dinamo Tbilisi,Georgia,897.7,8/27/2026,2262
1997,Barnsley,England,897.3,8/27/2026,747
1998,Okzhetpes,Kazakhstan,897.2,8/27/2026,4558
1999,Club Milano,Italy,897.1,8/27/2026,22307
2000,LDU Portoviejo,Ecuador,897.0,8/27/2026,1988
2001,AFC Hermannstadt,Romania,897.0,8/27/2026,2579
2002,Antigua GFC,Guatemala,896.9,8/27/2026,3656
2003,AS Eupen,Belgium,896.9,8/27/2026,739
2004,FC Botosani,Romania,896.8,8/27/2026,2581
2005,Gendrim,Mauritania,896.7,8/27/2026,20470
2006,Cavese,Italy,896.6,8/27/2026,1712
2007,Karmiotissa,Cyprus,896.6,8/27/2026,3413
2008,OF Ierapetra,Greece,896.3,8/27/2026,5057
2009,Wigan,England,896.3,8/27/2026,61
2010,Deportivo Cuenca Juniors,Ecuador,896.1,8/27/2026,26031
2011,Concarneau,France,896.1,8/27/2026,1300
2012,Moghayer Al Sarhan,Jordan,896.1,8/27/2026,17467
2013,Al-Hidd,Bahrain,896.1,8/27/2026,5483
2014,Nchanga Rangers,Zambia,896.0,8/27/2026,5511
2015,Nico United,Botswana,896.0,8/27/2026,5602
2016,Saluzzo,Italy,896.0,8/27/2026,17814
2017,Heart of Lions,Ghana,895.8,8/27/2026,13882
2018,Conquense,Spain,895.7,8/27/2026,5257
2019,Alga,Kyrgyzstan,895.5,8/27/2026,12235
2020,Cham,Germany,895.4,8/27/2026,19761
2021,ASFAG,Guinea,895.4,8/27/2026,4409
2022,Giugliano,Italy,895.1,8/27/2026,9556
2023,Kwara United,Nigeria,895.1,8/27/2026,5185
2024,Kisvarda FC,Hungary,895.1,8/27/2026,2394
2025,Emmen,Netherlands,895.1,8/27/2026,208
2026,Jaraaf,Senegal,895.0,8/27/2026,5289
2027,Dinamo Batumi,Georgia,895.0,8/27/2026,705
2028,Ucam Murcia,Spain,894.9,8/27/2026,800
2029,Liège,Belgium,894.8,8/27/2026,6220
2030,Dynamos,Zimbabwe,894.8,8/27/2026,5221
2031,TransINVEST Vilnius,Lithuania,894.7,8/27/2026,18878
2032,Barbastro,Spain,894.7,8/27/2026,9879
2033,Borussia M'gladbach II,Germany,894.7,8/27/2026,9368
2034,Welwalo Adigrat Uni,Ethiopia,894.5,8/27/2026,4125
2035,Sporting Ben Arous,Tunisia,894.3,8/27/2026,10634
2036,Maroons,Uganda,894.2,8/27/2026,12454
2037,Pavia,Italy,894.2,8/27/2026,26512
2038,Ermis,Cyprus,894.1,8/27/2026,3400
2039,Lucchese,Italy,894.0,8/27/2026,889
2040,Al-Nahda,Oman,893.9,8/27/2026,5327
2041,Barnet,England,893.6,8/27/2026,1369
2042,Agropecuario,Argentina,893.5,8/27/2026,462
2043,El Nacional,Ecuador,893.4,8/27/2026,1150
2044,Eastern Suburbs,New-Zealand,893.2,8/27/2026,13977
2045,Ellas Syros,Greece,893.1,8/27/2026,22244
2046,Sichuan Jiuniu,China,892.9,8/27/2026,5686
2047,Negelle Arsi,Ethiopia,892.9,8/27/2026,26881
2048,Niger Tornadoes,Nigeria,892.6,8/27/2026,5189
2049,Al Sadaqa,Libya,892.5,8/27/2026,12425
2050,Nea Salamis,Cyprus,892.5,8/27/2026,3401
2051,Budapest Honved,Hungary,892.5,8/27/2026,576
2052,Los Andes,Argentina,892.4,8/27/2026,483
2053,Sheger Ketema,Ethiopia,892.2,8/27/2026,26880
2054,Cumbayá,Ecuador,891.8,8/27/2026,16476
2055,Eibar II,Spain,891.6,8/27/2026,24572
2056,Mufulira Wanderers,Zambia,891.3,8/27/2026,5206
2057,CS Chebba,Tunisia,891.3,8/27/2026,6252
2058,Manama,Bahrain,891.3,8/27/2026,5487
2059,Corvinul Hunedoara,Romania,891.1,8/27/2026,20034
2060,Discoveries,Liberia,891.1,8/27/2026,4048
2061,Tirana,Albania,891.1,8/27/2026,694
2062,Iwaki,Japan,890.9,8/27/2026,7127
2063,Raja Beni Mellal,Morocco,890.8,8/27/2026,3455
2064,Napier City Rovers,New-Zealand,890.8,8/27/2026,20642
2065,AS Mansouria,Morocco,890.6,8/27/2026,18752
2066,Mbabane Swallows,Eswatini,890.5,8/27/2026,8107
2067,Abia Warriors,Nigeria,890.4,8/27/2026,5171
2068,Vllaznia Shkodër,Albania,890.1,8/27/2026,3339
2069,Sporting Cascades,Burkina-Faso,890.1,8/27/2026,22017
2070,Albalonga,Italy,889.8,8/27/2026,1586
2071,Minerva Punjab,India,889.8,8/27/2026,3466
2072,Inter U23,Italy,889.7,8/27/2026,26355
2073,Zanaco,Zambia,889.6,8/27/2026,5215
2074,San Antonio Bulo Bulo,Bolivia,889.3,8/27/2026,17760
2075,Ballkani,Kosovo,889.0,8/27/2026,12733
2076,Valenzana,Italy,888.9,8/27/2026,26514
2077,Nkana,Zambia,888.8,8/27/2026,5209
2078,Wakirya,Guinea,888.7,8/27/2026,4422
2079,Hardrock,Zimbabwe,888.5,8/27/2026,27274
2080,DPMM FC Brunei,Malaysia,888.4,8/27/2026,4202
2081,Siroki Brijeg,Bosnia,888.4,8/27/2026,642
2082,Al Salmiyah,Kuwait,888.3,8/27/2026,3538
2083,Calvi Noale,Italy,888.1,8/27/2026,24685
2084,Xorazm,Uzbekistan,888.0,8/27/2026,16381
2085,Mekelakeya,Ethiopia,887.8,8/27/2026,4120
2086,APS Bomet,Kenya,887.6,8/27/2026,19476
2087,Darnes,Libya,887.5,8/27/2026,12437
2088,Sarıyer,Turkey,887.4,8/27/2026,3605
2089,Young Elephant,Laos,887.4,8/27/2026,14098
2090,Esenler Erokspor,Turkey,887.0,8/27/2026,7402
2091,Stallion,Philippines,887.0,8/27/2026,16193
2092,Al-Madina,Libya,886.8,8/27/2026,12430
2093,Bouchamma,Tunisia,886.6,8/27/2026,10643
2094,Iğdır FK,Turkey,886.6,8/27/2026,17259
2095,Portuguesa FC,Venezuela,886.6,8/27/2026,2814
2096,VVV Venlo,Netherlands,886.5,8/27/2026,204
2097,Besa Kavajë,Albania,886.4,8/27/2026,3322
2098,Mebrat Hayl,Ethiopia,886.3,8/27/2026,4127
2099,Express,Norway,886.0,8/27/2026,12452
2100,Alashkert,Armenia,885.9,8/27/2026,582
2101,Ekhaya,Malawi,885.6,8/27/2026,25893
2102,Chongqing Tongliang Long,China,885.6,8/27/2026,21262
2103,Team Altamura,Italy,885.4,8/27/2026,9549
2104,Ozgon,Kyrgyzstan,885.3,8/27/2026,25767
2105,CFFEB,Burkina-Faso,885.3,8/27/2026,26633
2106,Birkenhead United,New-Zealand,885.3,8/27/2026,20650
2107,Dayrout,Egypt,885.3,8/27/2026,18022
2108,Kecskeméti TE,Hungary,884.8,8/27/2026,5111
2109,Caracas FC,Venezuela,884.8,8/27/2026,2808
2110,Marbella,Spain,884.5,8/27/2026,5267
2111,Luparense,Italy,884.3,8/27/2026,9473
2112,Al Afriqi Derna SC,Libya,884.3,8/27/2026,27450
2113,Schalke 04 II,Germany,884.2,8/27/2026,9373
2114,Western Springs,New-Zealand,884.1,8/27/2026,20659
2115,Notaresco,Italy,884.1,8/27/2026,9518
2116,Sporting San Jose,Costa-Rica,883.9,8/27/2026,2047
2117,Patronato,Argentina,883.7,8/27/2026,444
2118,Getafe II,Spain,883.7,8/27/2026,9572
2119,Akzhayik,Kazakhstan,883.5,8/27/2026,4547
2120,North Carolina,USA,883.4,8/27/2026,4005
2121,Chornomorets,Ukraine,883.3,8/27/2026,3615
2122,Cercle Mbéri,Gabon,883.1,8/27/2026,6415
2123,Casa Sport,Senegal,882.9,8/27/2026,5285
2124,Magdeburg II,Germany,882.3,8/27/2026,21525
2125,San Antonio,USA,882.2,8/27/2026,4017
2126,Al Jazeera,Jordan,882.1,8/27/2026,4533
2127,UCV,Venezuela,882.0,8/27/2026,2840
2128,Kedus Giorgis,Ethiopia,881.9,8/27/2026,4119
2129,FC Obermais,Italy,881.9,8/27/2026,17133
2130,Spartak Varna,Bulgaria,881.7,8/27/2026,4660
2131,Şamaxı FK,Azerbaijan,881.7,8/27/2026,666
2132,Karfamoriah,Guinea,881.6,8/27/2026,26964
2133,Tanta SC,Egypt,881.4,8/27/2026,1045
2134,Sliema Wanderers,Malta,881.3,8/27/2026,4628
2135,Pendikspor,Turkey,881.3,8/27/2026,3601
2136,Girona II,Spain,881.3,8/27/2026,15343
2137,Itesalat,Egypt,881.2,8/27/2026,18032
2138,Valenciennes,France,881.0,8/27/2026,105
2139,Basake Holy Stars,Ghana,880.9,8/27/2026,22763
2140,Montevarchi Calcio,Italy,880.8,8/27/2026,9500
2141,Brusaporto,Italy,880.8,8/27/2026,9445
2142,CIVO United,Malawi,880.7,8/27/2026,11125
2143,Partizani,Albania,880.5,8/27/2026,708
2144,Espoir Savalou,Benin,880.5,8/27/2026,16425
2145,Hang Yuen,Chinese-Taipei,880.4,8/27/2026,8028
2146,Septemvri Sofia,Bulgaria,880.4,8/27/2026,856
2147,Sibenik,Croatia,880.2,8/27/2026,1475
2148,SpVgg Unterhaching,Germany,880.2,8/27/2026,1314
2149,Illertissen,Germany,880.2,8/27/2026,9330
2150,ASM Sangarédi,Guinea,880.1,8/27/2026,20627
2151,Virtus Francavilla,Italy,880.0,8/27/2026,873
2152,Internacional de Madrid,Spain,879.8,8/27/2026,9573
2153,Petržalka,Slovakia,879.6,8/27/2026,10538
2154,Nkwazi,Zambia,879.6,8/27/2026,5210
2155,Jong PSV U21,Netherlands,879.5,8/27/2026,411
2156,Austria Klagenfurt,Austria,879.4,8/27/2026,1405
2157,Bra,Italy,879.2,8/27/2026,9430
2158,Safa,Azerbaijan,879.0,8/27/2026,4573
2159,Birkirkara,Malta,879.0,8/27/2026,2277
2160,Flamurtari,Albania,879.0,8/27/2026,3317
2161,Vitesse,Burkina-Faso,878.9,8/27/2026,17923
2162,Varesina,Italy,878.7,8/27/2026,18177
2163,Rapide Oued ZEM,Morocco,878.7,8/27/2026,967
2164,Al Malaab El Libby,Libya,878.6,8/27/2026,22703
2165,Den Bosch,Netherlands,878.4,8/27/2026,421
2166,Exeter City,England,878.0,8/27/2026,1364
2167,El-Entag El-Harby,Egypt,878.0,8/27/2026,1034
2168,Real Tomayapo,Bolivia,878.0,8/27/2026,15708
2169,URA,Uganda,877.7,8/27/2026,12459
2170,Hougang United,Singapore,877.6,8/27/2026,4205
2171,Port Vale,England,877.5,8/27/2026,1351
2172,Ogooue FC,Gabon,877.4,8/27/2026,27625
2173,RG Ticino,Italy,877.4,8/27/2026,17813
2174,A'Ali,Bahrain,877.3,8/27/2026,20386
2175,Real Valladolid II,Spain,877.3,8/27/2026,9587
2176,Arsenal Sarandi,Argentina,877.2,8/27/2026,459
2177,Terranuova Traiana,Italy,877.1,8/27/2026,19988
2178,Arema FC,Indonesia,877.1,8/27/2026,2438
2179,Deportivo Binacional,Peru,877.1,8/27/2026,2550
2180,Nairobi United,Kenya,877.1,8/27/2026,22231
2181,Halmstad,Sweden,877.0,8/27/2026,766
2182,Davao Aguilas,Philippines,877.0,8/27/2026,22754
2183,Matelica,Italy,876.9,8/27/2026,888
2184,Tammeka,Estonia,876.8,8/27/2026,3530
2185,Waterford,Ireland,876.7,8/27/2026,3845
2186,Colorado Springs,USA,876.6,8/27/2026,3992
2187,Royal Excel Mouscron,Belgium,876.6,8/27/2026,743
2188,Bhayangkara FC,Indonesia,876.3,8/27/2026,2443
2189,Al-Tirsana,Libya,876.3,8/27/2026,12448
2190,Mixco,Guatemala,876.2,8/27/2026,3645
2191,Al-Khmes,Libya,876.1,8/27/2026,12429
2192,L'Aquila,Italy,876.1,8/27/2026,22312
2193,Moyale Barracks,Malawi,876.0,8/27/2026,4593
2194,Triglia,Greece,875.9,8/27/2026,7514
2195,Ituano,Brazil,875.8,8/27/2026,7779
2196,St Maur Lusitanos,France,875.8,8/27/2026,3115
2197,Budoni,Italy,875.4,8/27/2026,9524
2198,Dynamo Abomey,Benin,875.3,8/27/2026,5460
2199,Real Oviedo II,Spain,875.3,8/27/2026,9576
2200,B36 Torshavn,Faroe-Islands,875.3,8/27/2026,678
2201,Le Messager Ngozi,Burundi,875.2,8/27/2026,8104
2202,Anagennisi Karditsas,Greece,875.2,8/27/2026,2094
2203,AC Oulu,Finland,875.0,8/27/2026,2077
2204,Thionville Lusitanos,France,875.0,8/27/2026,22039
2205,Da Nang,Vietnam,875.0,8/27/2026,3669
2206,Almagro,Argentina,874.7,8/27/2026,482
2207,Nacional,Aruba,874.6,8/27/2026,8232
2208,Jwaaya FC,Lebanon,874.4,8/27/2026,26399
2209,Liptovský Mikuláš,Slovakia,874.3,8/27/2026,10536
2210,Tainan City,Chinese-Taipei,874.0,8/27/2026,12543
2211,Ümraniyespor,Turkey,873.9,8/27/2026,3577
2212,BUL,Uganda,873.9,8/27/2026,12449
2213,Goa,India,873.6,8/27/2026,3475
2214,RSD Alcalá,Spain,873.5,8/27/2026,9714
2215,El Kanemi Warriors,Nigeria,873.2,8/27/2026,5175
2216,Vyškov,Czech-Republic,873.2,8/27/2026,7379
2217,Greifswalder FC,Germany,873.1,8/27/2026,16118
2218,Mladost Novi Sad,Serbia,873.1,8/27/2026,14261
2219,Jamshedpur,India,873.1,8/27/2026,3476
2220,Vlašim,Czech-Republic,873.0,8/27/2026,3730
2221,Madlenya,Eswatini,872.9,8/27/2026,20371
2222,Rustavi,Georgia,872.8,8/27/2026,3501
2223,Erzgebirge AUE,Germany,872.8,8/27/2026,190
2224,SV Horn,Austria,872.8,8/27/2026,1397
2225,Sivasspor,Turkey,872.8,8/27/2026,1002
2226,Hapoel Petah Tikva,Israel,872.7,8/27/2026,4488
2227,Afrique Football Élite,Guinea,872.5,8/27/2026,18182
2228,Ethiopia Bunna,Ethiopia,872.4,8/27/2026,4116
2229,Hai Phong,Vietnam,872.3,8/27/2026,3671
2230,Stade Renard,Cameroon,872.2,8/27/2026,5410
2231,Sangiuliano City,Italy,871.9,8/27/2026,17817
2232,Gazelle,Cameroon,871.8,8/27/2026,15566
2233,RWDM,Belgium,871.6,8/27/2026,6224
2234,Confiança,Brazil,871.5,8/27/2026,7772
2235,Bayelsa United,Nigeria,871.4,8/27/2026,17445
2236,Barra,Brazil,871.1,8/27/2026,18271
2237,BSK Banja Luka,Bosnia,870.8,8/27/2026,21736
2238,Cobresal,Chile,870.8,8/27/2026,2331
2239,Milazzo,Italy,870.8,8/27/2026,26522
2240,Eastern,Hong-Kong,870.6,8/27/2026,4451
2241,Csikszereda,Romania,870.6,8/27/2026,6230
2242,Athletic Carpi,Italy,870.6,8/27/2026,17825
2243,Buffles,Benin,870.5,8/27/2026,5457
2244,Lahti,Finland,870.4,8/27/2026,1166
2245,Alianza FC,Panama,870.3,8/27/2026,2881
2246,Muğlaspor,Turkey,870.3,8/27/2026,7414
2247,Etincelles,Rwanda,870.3,8/27/2026,5314
2248,Gela,Italy,870.2,8/27/2026,26510
2249,Hodio,Benin,870.2,8/27/2026,16427
2250,SSV Jeddeloh,Germany,870.2,8/27/2026,1655
2251,FC Siena,Italy,870.2,8/27/2026,24691
2252,Imperia,Italy,870.2,8/27/2026,17811
2253,Cliftonville FC,Northern-Ireland,869.9,8/27/2026,2266
2254,Sportfreunde Siegen,Germany,869.9,8/27/2026,13935
2255,Vigor Senigallia,Italy,869.8,8/27/2026,19992
2256,Penybont,Wales,869.7,8/27/2026,2191
2257,Sereď,Slovakia,869.7,8/27/2026,3551
2258,Dakota,Aruba,869.6,8/27/2026,8237
2259,Dukla Banská Bystrica,Slovakia,869.0,8/27/2026,10533
2260,Cairese,Italy,868.9,8/27/2026,24684
2261,Oyem AC,Gabon,868.7,8/27/2026,27734
2262,Caldiero Terme,Italy,868.5,8/27/2026,9465
2263,Orsomarso,Colombia,868.4,8/27/2026,1469
2264,Dordrecht,Netherlands,867.8,8/27/2026,409
2265,Phnom Penh Crown,Cambodia,867.7,8/27/2026,5394
2266,Stjarnan,Iceland,867.6,8/27/2026,275
2267,Almopos,Greece,867.5,8/27/2026,12368
2268,Linares Deportivo,Spain,867.3,8/27/2026,9398
2269,Jubilo Iwata,Japan,867.3,8/27/2026,280
2270,Shabab Al-Ghar,Libya,867.3,8/27/2026,25456
2271,Galway United,Ireland,867.1,8/27/2026,3851
2272,Blaublitz Akita,Japan,867.1,8/27/2026,4315
2273,Matebele,Botswana,867.0,8/27/2026,22563
2274,CastrumFavara,Italy,866.9,8/27/2026,24763
2275,NAPSA Stars,Zambia,866.9,8/27/2026,5207
2276,Melaka,Malaysia,866.8,8/27/2026,21038
2277,Shenyang Urban,China,866.8,8/27/2026,5684
2278,Coruxo,Spain,866.4,8/27/2026,9385
2279,Indy Eleven,USA,866.3,8/27/2026,3996
2280,Douanes,Burkina-Faso,866.2,8/27/2026,13978
2281,Asteras Tripolis II,Greece,866.1,8/27/2026,25017
2282,Stuttgarter Kickers,Germany,865.9,8/27/2026,12868
2283,Trapani 1905,Italy,865.8,8/27/2026,17862
2284,US Oyem,Gabon,865.6,8/27/2026,21193
2285,Hohoe United,Ghana,865.5,8/27/2026,22767
2286,Hapoel Ramat Gan,Israel,865.4,8/27/2026,4489
2287,Diosgyori VTK,Hungary,865.3,8/27/2026,2393
2288,MWOS,Zimbabwe,865.1,8/27/2026,25734
2289,Al Qadisiyah Bani Walid,Libya,865.1,8/27/2026,27452
2290,Fehérvár FC,Hungary,865.0,8/27/2026,610
2291,Olot,Spain,865.0,8/27/2026,9403
2292,Green Buffaloes,Zambia,864.9,8/27/2026,5199
2293,Pogradeci,Albania,864.3,8/27/2026,3334
2294,Progresso,Italy,864.0,8/27/2026,13168
2295,AS Jeunesse Esch,Luxembourg,863.8,8/27/2026,2034
2296,Quevilly,France,863.8,8/27/2026,431
2297,Police XI,Botswana,863.7,8/27/2026,5426
2298,LISCR,Liberia,863.6,8/27/2026,8062
2299,Montrose,Scotland,863.6,8/27/2026,4251
2300,Tigres FC,Colombia,863.6,8/27/2026,1145
2301,Vanspor FK,Turkey,863.5,8/27/2026,6342
2302,Antoniano,Spain,863.5,8/27/2026,7522
2303,Spal,Italy,863.5,8/27/2026,493
2304,Sohar,Oman,863.4,8/27/2026,5336
2305,Hessen Kassel,Germany,863.3,8/27/2026,12788
2306,Atlético Astorga,Spain,863.3,8/27/2026,9723
2307,Enna,Italy,863.3,8/27/2026,24690
2308,Cjarlins Muzane,Italy,863.3,8/27/2026,9468
2309,Llapi,Kosovo,863.2,8/27/2026,14395
2310,M'saken,Tunisia,863.2,8/27/2026,10620
2311,Bodrum FK,Turkey,863.2,8/27/2026,3583
2312,Ariana,Tunisia,863.2,8/27/2026,10598
2313,Havelse,Germany,863.0,8/27/2026,9342
2314,Al Nasar,Kuwait,863.0,8/27/2026,3536
2315,Magwanyana,Eswatini,862.9,8/27/2026,27821
2316,Doxa,Cyprus,862.7,8/27/2026,3398
2317,Ksour Essef,Tunisia,862.6,8/27/2026,10649
2318,Yeclano,Spain,862.5,8/27/2026,5283
2319,Panachaiki FC,Greece,862.5,8/27/2026,2106
2320,Feignies-Aulnoye,France,862.4,8/27/2026,3176
2321,Vaprus,Estonia,862.3,8/27/2026,3525
2322,Atletico Lodigiani,Italy,862.3,8/27/2026,24762
2323,Asti,Italy,862.0,8/27/2026,17808
2324,Baladiyyat Al Mehalla,Egypt,861.8,8/27/2026,18036
2325,Marines,Rwanda,861.7,8/27/2026,5318
2326,FSV Frankfurt,Germany,861.7,8/27/2026,1332
2327,TSV Steinbach,Germany,861.7,8/27/2026,1656
2328,Volta Redonda,Brazil,861.6,8/27/2026,7814
2329,Atletico DE Rafaela,Argentina,861.3,8/27/2026,465
2330,Džiugas Telšiai,Lithuania,861.3,8/27/2026,3860
2331,Grimsby,England,861.3,8/27/2026,1365
2332,Manfredonia,Italy,861.2,8/27/2026,22313
2333,Racing Cordoba,Argentina,861.2,8/27/2026,1957
2334,All Boys,Argentina,861.1,8/27/2026,464
2335,Wuhan Three Towns,China,861.0,8/27/2026,5695
2336,Tombense,Brazil,860.8,8/27/2026,2227
2337,Club Sando,Trinidad-And-Tobago,860.4,8/27/2026,12561
2338,Lamia,Greece,860.4,8/27/2026,956
2339,Kyzyl-Zhar,Kazakhstan,860.4,8/27/2026,4554
2340,EGS Gafsa,Tunisia,860.3,8/27/2026,10604
2341,Skenderbeu Korce,Albania,860.3,8/27/2026,605
2342,Latte Dolce,Italy,860.0,8/27/2026,9528
2343,Teuta Durrës,Albania,859.9,8/27/2026,3320
2344,Al Ahli,Bahrain,859.9,8/27/2026,5580
2345,Bandari,Kenya,859.9,8/27/2026,2460
2346,Juan Pablo II College,Peru,859.8,8/27/2026,22479
2347,Montedio Yamagata,Japan,859.6,8/27/2026,312
2348,FC Energetik-Bgu Minsk,Belarus,859.6,8/27/2026,2433
2349,Al Buqa'a,Jordan,859.4,8/27/2026,4530
2350,Sunshine Stars,Nigeria,859.4,8/27/2026,5193
2351,Mutondo Stars,Zambia,859.4,8/27/2026,21875
2352,Unisport Bafang,Cameroon,859.2,8/27/2026,5414
2353,Messina,Italy,859.1,8/27/2026,898
2354,Extension Gunners,Botswana,858.8,8/27/2026,5420
2355,Nafta,Slovenia,858.7,8/27/2026,4376
2356,IFK Varnamo,Sweden,858.3,8/27/2026,2163
2357,Atletico Mitre,Argentina,858.0,8/27/2026,466
2358,Western Suburbs,New-Zealand,857.9,8/27/2026,20648
2359,Malkiya,Bahrain,857.9,8/27/2026,5486
2360,Marino de Luanco,Spain,857.5,8/27/2026,9401
2361,Police,Trinidad-And-Tobago,857.5,8/27/2026,12559
2362,Chitipa United,Malawi,857.5,8/27/2026,4585
2363,Moknine,Tunisia,857.4,8/27/2026,10624
2364,Příbram,Czech-Republic,857.4,8/27/2026,3718
2365,Honka,Finland,857.3,8/27/2026,1169
2366,Sorrento,Italy,857.2,8/27/2026,9537
2367,Salcedo,Dominican-Republic,857.0,8/27/2026,25556
2368,Bahardar,Ethiopia,857.0,8/27/2026,4112
2369,Réal du Faso,Burkina-Faso,856.8,8/27/2026,20029
2370,RCK,Burkina-Faso,856.6,8/27/2026,8561
2371,San Miguel,Argentina,856.4,8/27/2026,8379
2372,Kickers Offenbach,Germany,856.1,8/27/2026,1628
2373,Malut United,Indonesia,856.0,8/27/2026,22409
2374,Renova,Macedonia,856.0,8/27/2026,4330
2375,La Unión Atlético,Spain,855.9,8/27/2026,15315
2376,Stripfing,Austria,855.7,8/27/2026,4993
2377,Highlanders,Zimbabwe,855.6,8/27/2026,5224
2378,Veria,Greece,855.4,8/27/2026,961
2379,Espanyol II,Spain,855.3,8/27/2026,9590
2380,Zlaté Moravce,Slovakia,855.3,8/27/2026,3553
2381,Rimini,Italy,855.1,8/27/2026,1709
2382,Jong AZ,Netherlands,855.1,8/27/2026,418
2383,Imisli FK,Azerbaijan,855.0,8/27/2026,5570
2384,Bersenbrück,Germany,855.0,8/27/2026,14635
2385,Quang Nam,Vietnam,854.9,8/27/2026,3675
2386,Ethiopian Medhin,Ethiopia,854.9,8/27/2026,20030
2387,Bayonne,France,854.9,8/27/2026,10166
2388,Ventforet Kofu,Japan,854.8,8/27/2026,308
2389,Al Ahed,Lebanon,854.7,8/27/2026,4567
2390,Kickers Emden,Germany,854.6,8/27/2026,12804
2391,Bogota FC,Colombia,854.6,8/27/2026,1458
2392,Fylkir,Iceland,854.4,8/27/2026,267
2393,Radomlje,Slovenia,854.3,8/27/2026,4378
2394,Britannia,Aruba,853.8,8/27/2026,8234
2395,Nueva Chicago,Argentina,853.8,8/27/2026,484
2396,Terrassa,Spain,853.8,8/27/2026,9681
2397,Prison Leopards,Zambia,853.7,8/27/2026,5212
2398,Nestos Chrisoupolis,Greece,853.7,8/27/2026,12367
2399,Mekelle Kenema,Ethiopia,853.6,8/27/2026,4121
2400,Salitas,Burkina-Faso,853.5,8/27/2026,8072
2401,İstanbulspor,Turkey,853.5,8/27/2026,3578
2402,Valur Reykjavik,Iceland,853.5,8/27/2026,274
2403,Defensores De Belgrano,Argentina,853.5,8/27/2026,1067
2404,Coriano,Italy,853.4,8/27/2026,26518
2405,Renaissance,Guinea,853.4,8/27/2026,20726
2406,Beroe,Bulgaria,853.4,8/27/2026,857
2407,Barranquilla,Colombia,853.3,8/27/2026,1466
2408,Patriotas,Brazil,853.2,8/27/2026,1140
2409,Bylis,Albania,853.1,8/27/2026,3325
2410,Redeyef,Tunisia,853.0,8/27/2026,10665
2411,Central Norte,Argentina,852.9,8/27/2026,1951
2412,Heaven Eleven,Liberia,852.5,8/27/2026,18110
2413,FC Cajamarca,Peru,852.5,8/27/2026,22543
2414,AO Itabaiana,Brazil,852.2,8/27/2026,2204
2415,Matera,Italy,852.0,8/27/2026,869
2416,Chacarita Juniors,Argentina,851.9,8/27/2026,447
2417,Landskrona BoIS,Sweden,851.6,8/27/2026,2176
2418,Hadiya Hosaena,Ethiopia,851.4,8/27/2026,9983
2419,Police,Mauritania,851.3,8/27/2026,16175
2420,Navalcarnero,Spain,851.1,8/27/2026,5271
2421,AS Cotonou,Benin,851.1,8/27/2026,16418
2422,Hồng Lĩnh Hà Tĩnh,Vietnam,851.0,8/27/2026,11134
2423,Avezzano,Italy,850.8,8/27/2026,9507
2424,Al Sahel,Kuwait,850.7,8/27/2026,3542
2425,Nelson Suburbs,New-Zealand,850.6,8/27/2026,20665
2426,Nola 1925,Italy,850.5,8/27/2026,9560
2427,Bourges Foot 18,France,850.3,8/27/2026,17360
2428,Stade Briochin,France,850.2,8/27/2026,3229
2429,Sitra,Bahrain,849.7,8/27/2026,10238
2430,Politehnica Iasi,Romania,849.6,8/27/2026,2583
2431,Génesis,Honduras,849.6,8/27/2026,21858
2432,ASVO,Benin,849.5,8/27/2026,5454
2433,Keflavik,Iceland,849.4,8/27/2026,269
2434,Al Dahra Tripoli FC,Libya,849.1,8/27/2026,27451
2435,Heraclea,Italy,849.1,8/27/2026,26511
2436,Aluminij,Slovenia,848.9,8/27/2026,4358
2437,Alianza,El-Salvador,848.8,8/27/2026,4299
2438,Consadole Sapporo,Japan,848.8,8/27/2026,279
2439,Drogheda United,Ireland,848.8,8/27/2026,3850
2440,AC Taipei,Chinese-Taipei,848.7,8/27/2026,18841
2441,HLM,Senegal,848.7,8/27/2026,25068
2442,Chabab Mohammédia,Morocco,848.5,8/27/2026,6387
2443,Sur,Oman,848.5,8/27/2026,5337
2444,Paynesville,Liberia,848.4,8/27/2026,22358
2445,Ind. Yumbo,Colombia,848.1,8/27/2026,27411
2446,Warri Wolves,Nigeria,848.1,8/27/2026,5508
2447,Fasil Ketema,Ethiopia,848.0,8/27/2026,4117
2448,Alianza Universidad,Peru,847.9,8/27/2026,2548
2449,Ulinzi Stars,Kenya,847.8,8/27/2026,2474
2450,Tabankulu,Eswatini,847.8,8/27/2026,26848
2451,Santorini 2020,Greece,847.7,8/27/2026,15237
2452,Mukura,Rwanda,847.6,8/27/2026,5320
2453,Guastatoya,Guatemala,847.5,8/27/2026,3662
2454,Al Morooj,Libya,847.5,8/27/2026,22704
2455,Vancouver FC,Canada,847.1,8/27/2026,20881
2456,Sumqayıt,Azerbaijan,847.1,8/27/2026,5503
2457,Artis,Czech-Republic,846.9,8/27/2026,4257
2458,Laci,Albania,846.9,8/27/2026,2256
2459,Inter,El-Salvador,846.8,8/27/2026,26154
2460,"(unknown name, team_id=8086::burkina)",?,846.8,8/27/2026,8086::burkina
2461,Ethiopia Nigd Bank,Ethiopia,846.7,8/27/2026,4130
2462,BS Bouhajla,Tunisia,846.4,8/27/2026,10599
2463,Dečić,Montenegro,846.3,8/27/2026,3745
2464,Sedan,France,846.3,8/27/2026,1310
2465,Escobedo,Spain,846.2,8/27/2026,9386
2466,Majestic,Burkina-Faso,846.1,8/27/2026,8566
2467,Auckland FC 2,New-Zealand,846.0,8/27/2026,26722
2468,Gimnástica Segoviana,Spain,845.8,8/27/2026,9387
2469,Fauve Azur Elite,Cameroon,845.5,8/27/2026,26906
2470,Beasain,Spain,845.3,8/27/2026,9657
2471,Rangers FC,Eswatini,845.3,8/27/2026,18314
2472,Olympic Star,Burundi,845.3,8/27/2026,8092
2473,Homeboyz,Kenya,845.0,8/27/2026,2462
2474,Ciudad de Bolívar,Argentina,845.0,8/27/2026,16612
2475,Villefranche,France,844.9,8/27/2026,1302
2476,Dornbirn,Austria,844.9,8/27/2026,4255
2477,Universidad de Concepcion,Chile,844.7,8/27/2026,2324
2478,Shortan,Uzbekistan,844.6,8/27/2026,4222
2479,Real Soacha,Colombia,844.4,8/27/2026,22099
2480,Real Calepina,Italy,844.3,8/27/2026,17140
2481,Kraké,Benin,844.1,8/27/2026,25025
2482,PWD Bamenda,Cameroon,844.1,8/27/2026,5409
2483,FC OSS,Netherlands,844.0,8/27/2026,423
2484,Čelik,Bosnia,843.7,8/27/2026,3363
2485,Abu Salim,Libya,843.7,8/27/2026,12422
2486,Prishtina,Kosovo,843.5,8/27/2026,680
2487,Zenith Prato,Italy,843.5,8/27/2026,24704
2488,Salamanca UDS,Spain,843.5,8/27/2026,9588
2489,Kayanza United,Burundi,843.5,8/27/2026,12181
2490,Laagri,Estonia,843.3,8/27/2026,18657
2491,Albalonga,Italy,843.1,8/27/2026,17844
2492,Bergantiños,Spain,843.1,8/27/2026,9383
2493,Virtus Ciserano Bergamo,Italy,843.0,8/27/2026,9462
2494,Maqtaaral,Kazakhstan,843.0,8/27/2026,4555
2495,Haguenau,France,842.9,8/27/2026,3058
2496,Anzio,Italy,842.9,8/27/2026,22300
2497,Wologizi,Liberia,842.7,8/27/2026,26907
2498,Lviv,Ukraine,842.7,8/27/2026,3618
2499,UTC Cajamarca,Peru,842.7,8/27/2026,2539
2500,Dunav Ruse,Bulgaria,842.6,8/27/2026,683
2501,Iliria Fushë-Krujë,Albania,842.6,8/27/2026,3330
2502,Capoise,Haiti,842.6,8/27/2026,4429
2503,Bugesera,Rwanda,842.4,8/27/2026,5312
2504,Turku PS,Finland,841.9,8/27/2026,1168
2505,El Dakhleya,Egypt,841.9,8/27/2026,1032
2506,Dundalk,Ireland,841.8,8/27/2026,584
2507,SJK,Finland,841.8,8/27/2026,689
2508,Orvietana Calcio,Italy,841.7,8/27/2026,19977
2509,CAPS United,Zimbabwe,841.5,8/27/2026,5218
2510,Dolomiti Bellunesi,Italy,841.5,8/27/2026,17820
2511,IA Akranes,Iceland,841.3,8/27/2026,827
2512,Kerala Blasters,India,841.3,8/27/2026,3477
2513,Las Vegas Lights,USA,841.2,8/27/2026,3998
2514,Kaisar,Kazakhstan,841.1,8/27/2026,4562
2515,Sarrabus Ogliastra,Italy,840.6,8/27/2026,19984
2516,Paderborn II,Germany,840.6,8/27/2026,12827
2517,Chesterfield,England,840.6,8/27/2026,1345
2518,Stade de Mbour,Senegal,840.5,8/27/2026,5295
2519,Gorodeya,Belarus,840.4,8/27/2026,390
2520,Musanze,Rwanda,840.1,8/27/2026,5321
2521,Correcaminos Uat,Mexico,840.1,8/27/2026,2313
2522,Geylang International,Singapore,839.8,8/27/2026,4203
2523,Kompong Dewa,Cambodia,839.6,8/27/2026,26303
2524,Monagas SC,Venezuela,839.6,8/27/2026,2811
2525,Taichung Futuro,Chinese-Taipei,839.5,8/27/2026,12542
2526,Aigle Royal de Moungo,Cameroon,839.5,8/27/2026,20799
2527,Qabala,Azerbaijan,839.5,8/27/2026,627
2528,Ayema,Benin,839.4,8/27/2026,5456
2529,FC Voluntari,Romania,839.3,8/27/2026,2578
2530,Qingdao Jonoon,China,839.2,8/27/2026,1431
2531,Bumamuru,Burundi,839.1,8/27/2026,12177
2532,USD Palmese,Italy,839.0,8/27/2026,19991
2533,Gyeongnam FC,South-Korea,838.9,8/27/2026,2751
2534,Egersund,Norway,838.7,8/27/2026,6976
2535,CD Arabe Unido,Panama,838.7,8/27/2026,2882
2536,Alvarado,Argentina,838.7,8/27/2026,1962
2537,Real Ávila,Spain,838.6,8/27/2026,9736
2538,Sevilla Atletico,Spain,838.6,8/27/2026,730
2539,Andrézieux,France,838.4,8/27/2026,3009
2540,Smorgon,Belarus,838.4,8/27/2026,3393
2541,H&H Export,Nicaragua,838.3,8/27/2026,17135
2542,Muzinga,Burundi,838.3,8/27/2026,14270
2543,Sanluqueño,Spain,838.2,8/27/2026,9601
2544,Orihuela,Spain,838.1,8/27/2026,9404
2545,KF Gostivari,Macedonia,837.9,8/27/2026,4338
2546,Shabana,Kenya,837.8,8/27/2026,19489
2547,Bani Gansè,Benin,837.8,8/27/2026,20668
2548,Persijap,Indonesia,837.8,8/27/2026,11132
2549,Salford City,England,837.7,8/27/2026,1844
2550,Oman Club,Oman,837.7,8/27/2026,5334
2551,Asia Talas,Kyrgyzstan,837.5,8/27/2026,27432
2552,Bonner SC,Germany,837.4,8/27/2026,1637
2553,Tsarsko Selo,Bulgaria,837.3,8/27/2026,1413
2554,Náxara,Spain,836.9,8/27/2026,9868
2555,Kozani,Greece,836.9,8/27/2026,15259
2556,AS Agareb,Tunisia,836.8,8/27/2026,10595
2557,SONABEL,Burkina-Faso,836.7,8/27/2026,8111
2558,Kowloon City,Hong-Kong,836.6,8/27/2026,20392
2559,Herentals,Zimbabwe,836.1,8/27/2026,5223
2560,Baník Ostrava II,Czech-Republic,836.1,8/27/2026,8621
2561,Oakland Roots,USA,835.9,8/27/2026,10874
2562,Slavia Praha II,Czech-Republic,835.8,8/27/2026,8618
2563,Auckland United,New-Zealand,835.6,8/27/2026,20649
2564,Al-Anwar,Libya,835.5,8/27/2026,12428
2565,Leo Victor,Suriname,835.3,8/27/2026,12215
2566,Jorge Wilstermann,Bolivia,835.2,8/27/2026,3705
2567,Popayan,Colombia,835.1,8/27/2026,1460
2568,Langreo,Spain,835.1,8/27/2026,5265
2569,Hoang Anh Gia Lai,Vietnam,834.8,8/27/2026,3673
2570,Mara Sugar,Kenya,834.7,8/27/2026,19483
2571,Maceratese,Italy,834.7,8/27/2026,900
2572,Cavaliers,Benin,834.6,8/27/2026,16420
2573,Weymouth Wales,Barbados,834.5,8/27/2026,8410
2574,Wikki Tourist,Nigeria,834.5,8/27/2026,5194
2575,Hibernians,Malta,834.5,8/27/2026,3884
2576,Eastern District,Hong-Kong,834.4,8/27/2026,4467
2577,Derthona,Italy,834.4,8/27/2026,17810
2578,US Hostert,Luxembourg,834.3,8/27/2026,2040
2579,Coastal Spirit,New-Zealand,834.2,8/27/2026,20660
2580,Ischia,Italy,833.9,8/27/2026,22311
2581,Freiburg II,Germany,833.8,8/27/2026,9363
2582,Brindisi,Italy,833.8,8/27/2026,9541
2583,Torrent,Spain,833.7,8/27/2026,15348
2584,Sporting San Miguelito,Panama,833.7,8/27/2026,2889
2585,Mégrine,Tunisia,833.5,8/27/2026,20846
2586,Bochum II,Germany,833.4,8/27/2026,24430
2587,Borough,Liberia,833.4,8/27/2026,26908
2588,Al Najma,Bahrain,833.4,8/27/2026,5479
2589,UN Kaerjeng 97,Luxembourg,833.3,8/27/2026,2035
2590,Boluspor,Turkey,833.1,8/27/2026,3569
2591,Awassa Kenema,Ethiopia,833.0,8/27/2026,4111
2592,Nürnberg II,Germany,832.8,8/27/2026,9332
2593,Jeonnam Dragons,South-Korea,832.8,8/27/2026,2760
2594,Pélican,Gabon,832.8,8/27/2026,8069
2595,Amawele,Eswatini,832.7,8/27/2026,26847
2596,Matlama,Lesotho,832.7,8/27/2026,6426
2597,Municipal Limeño,El-Salvador,832.6,8/27/2026,4306
2598,Vigasio,Italy,832.5,8/27/2026,9478
2599,Barockstadt Fulda-Lehn.,Germany,832.5,8/27/2026,12735
2600,Aresimi,Macedonia,832.4,8/27/2026,19753
2601,Folgore,San-Marino,832.3,8/27/2026,672
2602,Tochigi City,Japan,832.3,8/27/2026,7145
2603,Hapoel Hadera,Israel,832.2,8/27/2026,4500
2604,Sporting Trestina,Italy,832.0,8/27/2026,9505
2605,Real Madrid III,Spain,831.8,8/27/2026,22142
2606,K. Lierse S.K.,Belgium,831.8,8/27/2026,6219
2607,Southern District,Hong-Kong,831.4,8/27/2026,4456
2608,Universitario de Vinto,Bolivia,831.3,8/27/2026,17762
2609,Llagostera,Spain,831.1,8/27/2026,9399
2610,Ayacucho FC,Peru,831.1,8/27/2026,2542
2611,San Telmo,Argentina,831.1,8/27/2026,1932
2612,Lleida Esportiu,Spain,831.1,8/27/2026,5266
2613,Tusker,Kenya,831.0,8/27/2026,2475
2614,Ferrymead Bays,New-Zealand,831.0,8/27/2026,20662
2615,Arenteiro,Spain,830.9,8/27/2026,9604
2616,Orebro SK,Sweden,830.8,8/27/2026,365
2617,Dunarea Calarasi,Romania,830.8,8/27/2026,2582
2618,Vibonese,Italy,830.4,8/27/2026,1681
2619,Alebrijes de Oaxaca,Mexico,830.4,8/27/2026,2300
2620,PSIM Yogyakarta,Indonesia,830.3,8/27/2026,4235
2621,Pelister,Macedonia,830.2,8/27/2026,693
2622,St. John's,Grenada,830.1,8/27/2026,23371
2623,Al Taliya,Syria,830.1,8/27/2026,9113
2624,Puteolana,Italy,830.0,8/27/2026,17542
2625,Sutjeska,Montenegro,829.9,8/27/2026,673
2626,KCB,Kenya,829.9,8/27/2026,2476
2627,Fossombrone,Italy,829.9,8/27/2026,22308
2628,Tenerife II,Spain,829.9,8/27/2026,9802
2629,Panevėžys,Lithuania,829.7,8/27/2026,3874
2630,Pikine,Senegal,829.5,8/27/2026,5293
2631,Lamezia Terme,Italy,829.5,8/27/2026,17856
2632,Ezulwini United,Eswatini,829.4,8/27/2026,22544
2633,Naxxar Lions,Malta,829.1,8/27/2026,4605
2634,Brinje-Grosuplje,Slovenia,828.9,8/27/2026,12744
2635,Diagoras,Greece,828.7,8/27/2026,7510
2636,Mura,Slovenia,828.6,8/27/2026,4197
2637,SV Sandhausen,Germany,828.5,8/27/2026,189
2638,Les Herbiers,France,828.5,8/27/2026,1308
2639,Carrick Rangers,Northern-Ireland,828.4,8/27/2026,5350
2640,San Donato Tavarnelle,Italy,828.4,8/27/2026,9502
2641,Bahla,Oman,828.1,8/27/2026,7505
2642,Loudoun United,USA,828.1,8/27/2026,3999
2643,Bourg-en-bresse 01,France,827.8,8/27/2026,430
2644,Guédiawaye,Senegal,827.8,8/27/2026,5553
2645,Al Borouq,Libya,827.6,8/27/2026,25460
2646,Atlético Pantoja,Dominican-Republic,827.6,8/27/2026,8003
2647,Jia Hua,Macao,827.5,8/27/2026,23061
2648,Civitanovese,Italy,827.4,8/27/2026,24688
2649,Termoli Calcio,Italy,827.3,8/27/2026,19987
2650,Villa Valle,Italy,827.2,8/27/2026,9460
2651,Gobelins,France,827.2,8/27/2026,9238
2652,Quintanar del Rey,Spain,827.2,8/27/2026,9906
2653,FICA,Haiti,827.0,8/27/2026,4433
2654,Saint-Malo,France,826.9,8/27/2026,3108
2655,Bắc Ninh,Vietnam,826.8,8/27/2026,26601
2656,Sant'Angelo,Italy,826.7,8/27/2026,19983
2657,Elche II,Spain,826.7,8/27/2026,9691
2658,Hegelmann Litauen,Lithuania,826.4,8/27/2026,3861
2659,Ragusa,Italy,826.4,8/27/2026,20303
2660,MVV,Netherlands,826.4,8/27/2026,412
2661,Imolese,Italy,826.4,8/27/2026,893
2662,Kazincbarcikai,Hungary,826.3,8/27/2026,2410
2663,FC Astra Giurgiu,Romania,826.1,8/27/2026,636
2664,Kamuzu Barracks,Malawi,825.9,8/27/2026,4588
2665,Arzachena,Italy,825.8,8/27/2026,1702
2666,Wellington Phoenix II,New-Zealand,825.8,8/27/2026,2535
2667,BFC Dynamo,Germany,825.8,8/27/2026,1636
2668,Chateauroux,France,825.4,8/27/2026,107
2669,AFC Wimbledon,England,825.3,8/27/2026,1333
2670,SSV Ulm 1846,Germany,825.3,8/27/2026,1652
2671,Drenica Skënderaj,Kosovo,825.3,8/27/2026,14392
2672,Gernika,Spain,825.3,8/27/2026,5263
2673,Kaédi,Mauritania,825.2,8/27/2026,16169
2674,Calvary,Uganda,825.2,8/27/2026,26673
2675,Gavorrano,Italy,825.0,8/27/2026,1699
2676,Ubombo Sugar,Eswatini,825.0,8/27/2026,26849
2677,ABB,Bolivia,824.8,8/27/2026,17743
2678,PRO Vercelli,Italy,824.6,8/27/2026,526
2679,Lifofane,Lesotho,824.6,8/27/2026,20979
2680,Ezra,Laos,824.6,8/27/2026,14094
2681,ASFA-Yennenga,Burkina-Faso,824.5,8/27/2026,8563
2682,Ponte Preta,Brazil,824.4,8/27/2026,139
2683,Posušje,Bosnia,824.2,8/27/2026,14146
2684,Baranovichi,Belarus,824.0,8/27/2026,3383
2685,Karonga United,Malawi,823.9,8/27/2026,4589
2686,SD Logroñés,Spain,823.9,8/27/2026,9411
2687,Águila,El-Salvador,823.1,8/27/2026,4310
2688,Gorilla,Rwanda,823.0,8/27/2026,15560
2689,Sarriana,Spain,822.8,8/27/2026,22130
2690,Aubagne,France,822.7,8/27/2026,9930
2691,Montespaccato,Italy,822.4,8/27/2026,17830
2692,Pergolettese,Italy,822.3,8/27/2026,6380
2693,Rewa,Fiji,822.2,8/27/2026,4387
2694,Sondrio,Italy,822.1,8/27/2026,9458
2695,BDF XI,Botswana,822.1,8/27/2026,5416
2696,Swindon Town,England,822.0,8/27/2026,1353
2697,Yantra 2019,Bulgaria,821.9,8/27/2026,8528
2698,Mons Calpe,Gibraltar,821.6,8/27/2026,16137
2699,Creck,Malawi,821.5,8/27/2026,23427
2700,San Francisco FC,Panama,821.5,8/27/2026,2887
2701,Sasso Marconi Zola,Italy,821.5,8/27/2026,9490
2702,Medina United,Gambia,821.2,8/27/2026,27264
2703,Vysočina Jihlava,Czech-Republic,821.1,8/27/2026,3731
2704,Baltimore,Haiti,820.8,8/27/2026,4428
2705,Baghdad,Iraq,820.7,8/27/2026,11069
2706,Changchun Yatai,China,820.6,8/27/2026,834
2707,Kelantan Red Warrior FC,Malaysia,820.4,8/27/2026,27373
2708,Viva Stumbo,Eswatini,820.2,8/27/2026,27822
2709,Dordoi Bishkek,Kyrgyzstan,820.2,8/27/2026,8026
2710,Pho Hien,Vietnam,820.2,8/27/2026,9166
2711,Bremer Sv,Germany,820.0,8/27/2026,1630
2712,Thanh Hóa,Vietnam,820.0,8/27/2026,3680
2713,FC Eindhoven,Netherlands,819.9,8/27/2026,422
2714,Simba Bhora,Zimbabwe,819.4,8/27/2026,21055
2715,Zabbar St. Patrick,Malta,819.4,8/27/2026,4622
2716,East Coast Bays,New-Zealand,819.2,8/27/2026,23212
2717,Paradise,Grenada,819.2,8/27/2026,23373
2718,NorthEast United,India,818.9,8/27/2026,3479
2719,Zamora FC,Venezuela,818.9,8/27/2026,2806
2720,Adama Kenema,Ethiopia,818.9,8/27/2026,4110
2721,Ittihad Gharyan SC,Libya,818.7,8/27/2026,27455
2722,Camaiore,Italy,818.7,8/27/2026,26506
2723,Bangladesh Police,Bangladesh,818.5,8/27/2026,10106
2724,Downtown,Liberia,818.0,8/27/2026,26909
2725,Las Palmas II,Spain,817.6,8/27/2026,9574
2726,Oldham,England,817.5,8/27/2026,1349
2727,Djelma,Tunisia,817.4,8/27/2026,10661
2728,Lorca Deportiva,Spain,817.0,8/27/2026,9400
2729,Ekwendeni Hammers,Malawi,816.5,8/27/2026,11126
2730,Dedza Dynamos,Malawi,816.5,8/27/2026,18747
2731,Kariobangi Sharks,Kenya,816.4,8/27/2026,2468
2732,Francs Borains,Belgium,816.4,8/27/2026,5805
2733,Mbarara City,Uganda,816.4,8/27/2026,12455
2734,Suhul Shire,Ethiopia,816.3,8/27/2026,9986
2735,Bouselem,Tunisia,816.2,8/27/2026,10601
2736,Castellanzese,Italy,816.1,8/27/2026,9448
2737,Crema,Italy,816.1,8/27/2026,9484
2738,Ibiza Islas Pitiusas,Spain,815.9,8/27/2026,9781
2739,Maccabi Bnei Raina,Israel,815.9,8/27/2026,6186
2740,Egaleo,Greece,815.8,8/27/2026,7511
2741,Damissa,Benin,815.7,8/27/2026,16422
2742,Colwyn Bay,Wales,815.4,8/27/2026,5611
2743,Bantu,Lesotho,815.3,8/27/2026,15563
2744,MAFCO,Malawi,815.2,8/27/2026,11127
2745,Sligo Rovers,Ireland,815.2,8/27/2026,3842
2746,Colchester,England,815.2,8/27/2026,1361
2747,Cheongju,South-Korea,815.0,8/27/2026,7061
2748,JSP,Benin,815.0,8/27/2026,5464
2749,HSC Hannover,Germany,814.8,8/27/2026,9339
2750,Asteras Vlachioti,Greece,814.5,8/27/2026,12408
2751,Seraing United,Belgium,814.2,8/27/2026,10244
2752,Paju Citizen,South-Korea,814.2,8/27/2026,7098
2753,Nomads United,New-Zealand,814.2,8/27/2026,20666
2754,FK Liepaja,Latvia,813.6,8/27/2026,661
2755,Buducnost Podgorica,Montenegro,813.6,8/27/2026,579
2756,Varbergs BoIS FC,Sweden,813.5,8/27/2026,2171
2757,Intercity,Spain,813.4,8/27/2026,8160
2758,HFX Wanderers FC,Canada,813.4,8/27/2026,2621
2759,Puntarenas FC,Costa-Rica,813.3,8/27/2026,2045
2760,Union Titus Petange,Luxembourg,812.9,8/27/2026,2032
2761,Song Lam Nghe An,Vietnam,812.7,8/27/2026,3678
2762,Canicattì,Italy,812.7,8/27/2026,20302
2763,Victoria United,Cameroon,812.7,8/27/2026,20800
2764,Clivense,Italy,812.6,8/27/2026,22306
2765,Al Hikma,Lebanon,812.4,8/27/2026,11879
2766,Odisha,India,812.4,8/27/2026,7177
2767,FC Slutsk,Belarus,812.2,8/27/2026,379
2768,Pompei,Italy,812.2,8/27/2026,24697
2769,NagaWorld,Cambodia,812.2,8/27/2026,5566
2770,SC Delhi,India,812.0,8/27/2026,26963
2771,Spartans,Scotland,811.7,8/27/2026,6781
2772,Independiente de La Chorrera,Panama,811.7,8/27/2026,2890
2773,Delfines Del Este,Dominican-Republic,811.6,8/27/2026,16139
2774,Chindia Targoviste,Romania,811.6,8/27/2026,2586
2775,Wiltz,Luxembourg,811.6,8/27/2026,11906
2776,Veraguas,Panama,811.5,8/27/2026,15620
2777,Hyères,France,811.2,8/27/2026,3061
2778,EM Mahdia,Tunisia,811.1,8/27/2026,10605
2779,Isidro Metapán,El-Salvador,811.0,8/27/2026,4304
2780,Dobrudzha,Bulgaria,811.0,8/27/2026,1427
2781,Estudiantes de Merida FC,Venezuela,810.9,8/27/2026,2818
2782,Persis Solo,Indonesia,810.8,8/27/2026,4243
2783,Mathare United,Kenya,810.6,8/27/2026,2463
2784,Ergotelis,Greece,810.6,8/27/2026,2105
2785,Opava,Czech-Republic,810.6,8/27/2026,3717
2786,Samgurali,Georgia,810.4,8/27/2026,10017
2787,Tlaxcala,Mexico,810.3,8/27/2026,14280
2788,Unirea Slobozia,Romania,810.1,8/27/2026,6916
2789,Inter San Carlos,Costa-Rica,809.9,8/27/2026,24391
2790,Mingəçevir,Azerbaijan,809.7,8/27/2026,5573
2791,Pohronie,Slovakia,809.7,8/27/2026,4134
2792,Comunicaciones,Guatemala,809.3,8/27/2026,3658
2793,Rumilly Vallières,France,809.2,8/27/2026,9973
2794,Murang'a SEAL,Kenya,808.9,8/27/2026,19486
2795,Chambly Thelle FC,France,808.5,8/27/2026,1291
2796,FC 105,Gabon,808.3,8/27/2026,21190
2797,Bougouni,Mali,808.3,8/27/2026,12669
2798,FH hafnarfjordur,Iceland,808.2,8/27/2026,270
2799,Ashdod,Israel,808.2,8/27/2026,4507
2800,Bnei Sakhnin,Israel,807.5,8/27/2026,4481
2801,Cornellà,Spain,807.4,8/27/2026,5258
2802,Lyn,Norway,807.4,8/27/2026,7006
2803,AS Kigali,Rwanda,807.0,8/27/2026,5310
2804,Victoria Rosport,Luxembourg,806.9,8/27/2026,2038
2805,Gzira United,Malta,806.9,8/27/2026,2264
2806,Arandina,Spain,806.8,8/27/2026,9722
2807,Kalaâ Sport,Tunisia,806.7,8/27/2026,10614
2808,Loubha Télimélé,Guinea,806.7,8/27/2026,9321
2809,Ghivizzano Borgo Mozzano,Italy,806.5,8/27/2026,9435
2810,Maharlika,Philippines,806.5,8/27/2026,16191
2811,Móstoles,Spain,806.4,8/27/2026,9712
2812,Platinum,Zimbabwe,806.3,8/27/2026,5230
2813,Ulytau,Kazakhstan,806.2,8/27/2026,21010
2814,Alloa Athletic,Scotland,806.1,8/27/2026,1391
2815,DSC,Senegal,806.1,8/27/2026,13172
2816,Amagaju,Rwanda,806.0,8/27/2026,5311
2817,Gardnersville,Liberia,806.0,8/27/2026,26910
2818,Castellón II,Spain,805.9,8/27/2026,17588
2819,Stade Migoveen,Gabon,805.8,8/27/2026,27575
2820,Köln II,Germany,805.7,8/27/2026,9371
2821,Olbia,Italy,805.7,8/27/2026,1697
2822,Ilvamaddalena,Italy,805.5,8/27/2026,19973
2823,ODD Ballklubb,Norway,805.2,8/27/2026,330
2824,Olympiakos Piraeus II,Greece,804.9,8/27/2026,18017
2825,Cobán Imperial,Guatemala,804.9,8/27/2026,3657
2826,Fleetwood Town,England,804.8,8/27/2026,1336
2827,UPDF,Uganda,804.6,8/27/2026,12466
2828,San Marzano,Italy,804.6,8/27/2026,22317
2829,Fortune,Gambia,804.5,8/27/2026,16801
2830,SV Babelsberg 03,Germany,804.4,8/27/2026,1622
2831,Juventus,Haiti,804.3,8/27/2026,4446
2832,Leones FC,Colombia,804.1,8/27/2026,1143
2833,Mosta,Malta,804.0,8/27/2026,4627
2834,Gagra,Georgia,804.0,8/27/2026,3505
2835,Tishreen,Syria,804.0,8/27/2026,9117
2836,Puente Genil,Spain,803.8,8/27/2026,9764
2837,Miami FC,USA,803.7,8/27/2026,9030
2838,Atyrau,Kazakhstan,803.6,8/27/2026,4564
2839,Petrovac,Montenegro,803.5,8/27/2026,3741
2840,Ngozi City,Burundi,803.3,8/27/2026,12185
2841,BFC Daugavpils,Latvia,803.2,8/27/2026,4149
2842,Kavala,Greece,803.2,8/27/2026,5049
2843,AEK Athens II,Greece,803.1,8/27/2026,18016
2844,U Craiova 1948,Romania,803.0,8/27/2026,6910
2845,Renofa Yamaguchi,Japan,803.0,8/27/2026,309
2846,Chicken Inn,Zimbabwe,802.9,8/27/2026,5220
2847,Bitam,Gabon,802.9,8/27/2026,21187
2848,Burgos Promesas,Spain,802.7,8/27/2026,9727
2849,Airdrie United,Scotland,802.6,8/27/2026,4668
2850,Prostějov,Czech-Republic,802.5,8/27/2026,3725
2851,Arsenal,Belarus,802.5,8/27/2026,9419
2852,Sora,Italy,802.5,8/27/2026,22318
2853,Lugazi,Uganda,802.2,8/27/2026,24776
2854,FSV Mainz 05 II,Germany,802.0,8/27/2026,1331
2855,Ferrandina,Italy,801.8,8/27/2026,26509
2856,Badajoz,Spain,801.7,8/27/2026,9382
2857,Triestina,Italy,801.5,8/27/2026,877
2858,Persita,Indonesia,801.4,8/27/2026,4244
2859,Ranheim,Norway,801.3,8/27/2026,322
2860,Creteil,France,801.2,8/27/2026,1307
2861,Progresso,Belize,801.0,8/27/2026,19762
2862,Binh Duong,Vietnam,800.8,8/27/2026,3668
2863,Crewe,England,800.6,8/27/2026,1363
2864,Jalapa,Nicaragua,800.5,8/27/2026,10160
2865,Inter Star,Burundi,800.5,8/27/2026,12180
2866,Bristol Rovers,England,800.5,8/27/2026,1334
2867,Bregalnica Štip,Macedonia,800.4,8/27/2026,4333
2868,Hurricanes,Grenada,800.4,8/27/2026,23368
2869,Cheonan City,South-Korea,800.3,8/27/2026,7060
2870,Ejea,Spain,800.2,8/27/2026,9589
2871,Sektzia Nes Tziona,Israel,800.2,8/27/2026,4499
2872,Hamburger SV II,Germany,800.1,8/27/2026,9340
2873,Acireale,Italy,800.1,8/27/2026,9550
2874,Trans Narva,Estonia,800.0,8/27/2026,2274
2875,BFC Preussen,Germany,799.9,8/27/2026,1618
2876,Gicumbi,Rwanda,799.8,8/27/2026,5315
2877,Memmingen,Germany,799.4,8/27/2026,9331
2878,Ugento,Italy,799.4,8/27/2026,24703
2879,Aigle Royal,Cameroon,798.6,8/27/2026,5556
2880,Shabab Al Sahel,Lebanon,798.5,8/27/2026,4576
2881,Mighty Tigers,Malawi,798.4,8/27/2026,4591
2882,Lavagnese,Italy,798.4,8/27/2026,9436
2883,Ksar,Mauritania,798.4,8/27/2026,16170
2884,Valour,Canada,798.3,8/27/2026,3831
2885,Montego Bay United,Jamaica,798.3,8/27/2026,3441
2886,Briton Ferry,Wales,798.1,8/27/2026,2201
2887,Compostela,Spain,798.1,8/27/2026,5256
2888,Jong Utrecht,Netherlands,797.9,8/27/2026,428
2889,Trapani,Italy,797.9,8/27/2026,803
2890,Black Lions,Botswana,797.7,8/27/2026,26725
2891,Kaspiy,Kazakhstan,797.6,8/27/2026,4552
2892,Cosmos,San-Marino,797.4,8/27/2026,5298
2893,Dungannon Swifts,Northern-Ireland,797.1,8/27/2026,5351
2894,Kuressaare,Estonia,797.1,8/27/2026,3526
2895,Dorados,Mexico,797.0,8/27/2026,2297
2896,Viengchanh,Laos,796.9,8/27/2026,14096
2897,Levski Krumovgrad,Bulgaria,796.8,8/27/2026,17306
2898,Tegevajaro Miyazaki,Japan,796.7,8/27/2026,10409
2899,Al Ittihad,Bahrain,796.5,8/27/2026,5581
2900,Llanera,Spain,796.5,8/27/2026,9627
2901,Club Brugge II,Belgium,796.4,8/27/2026,14130
2902,Sloga Doboj,Bosnia,796.3,8/27/2026,8504
2903,Green Fuel,Zimbabwe,796.2,8/27/2026,21053
2904,Radnik Bijeljina,Bosnia,795.9,8/27/2026,3359
2905,Dire Dawa Kenema,Ethiopia,795.9,8/27/2026,4115
2906,BC Rangers,Hong-Kong,795.7,8/27/2026,26471
2907,Rotherham,England,795.5,8/27/2026,73
2908,Rogaška,Slovenia,795.3,8/27/2026,4379
2909,AJEB,Burkina-Faso,794.9,8/27/2026,26632
2910,Jaish,Syria,794.7,8/27/2026,8040
2911,Piratas,Mexico,794.4,8/27/2026,27935
2912,Andratx,Spain,794.4,8/27/2026,8151
2913,York United,Canada,794.4,8/27/2026,2623
2914,Città Di Sant’Agata,Italy,794.4,8/27/2026,17854
2915,Akademija Pandev,Macedonia,794.3,8/27/2026,4194
2916,Les Astres,Cameroon,794.3,8/27/2026,5407
2917,Fuenlabrada,Spain,793.8,8/27/2026,4906
2918,Newcastle Jets,Australia,793.7,8/27/2026,946
2919,Sportfreunde Lotte,Germany,793.7,8/27/2026,1323
2920,Dunedin City Royals,New-Zealand,793.6,8/27/2026,20661
2921,Lornano Badesse,Italy,793.4,8/27/2026,17829
2922,Club Atlético Güemes,Argentina,793.1,8/27/2026,3969
2923,Persepam Madura Utd,Indonesia,793.1,8/27/2026,2444
2924,Taichung Rock FC,Chinese-Taipei,792.9,8/27/2026,26332
2925,FK Rabotnicki,Macedonia,792.6,8/27/2026,663
2926,América des Cayes,Haiti,792.6,8/27/2026,4426
2927,Helmond Sport,Netherlands,792.6,8/27/2026,424
2928,Atlètic Lleida,Spain,792.5,8/27/2026,24574
2929,Yongin City,South-Korea,792.4,8/27/2026,9171
2930,Llerenense,Spain,792.0,8/27/2026,9833
2931,Roma City,Italy,791.8,8/27/2026,19981
2932,Lozo,Gabon,791.7,8/27/2026,21191
2933,Safa Baku,Azerbaijan,791.5,8/27/2026,25318
2934,Voorwaarts,Suriname,791.3,8/27/2026,12220
2935,Racing Cartagena MM,Spain,791.3,8/27/2026,22116
2936,Chieti,Italy,791.0,8/27/2026,9509
2937,Al Najaf,Iraq,790.8,8/27/2026,11066
2938,San Luigi,Italy,790.8,8/27/2026,9475
2939,Boca Juniors,Gibraltar,790.5,8/27/2026,16129
2940,Balzan FC,Malta,790.5,8/27/2026,696
2941,AC Magenta,Italy,790.5,8/27/2026,24775
2942,Portmore United,Jamaica,790.5,8/27/2026,3443
2943,Melilla,Spain,790.2,8/27/2026,5268
2944,Lobi Stars,Nigeria,790.1,8/27/2026,5186
2945,Triglav,Slovenia,790.1,8/27/2026,4363
2946,Binh Dinh,Vietnam,790.0,8/27/2026,9160
2947,Furiani-Agliani,France,790.0,8/27/2026,3181
2948,Damascus Al-Ahli,Syria,789.6,8/27/2026,27269
2949,Imabari,Japan,789.6,8/27/2026,10075
2950,Avranches,France,789.6,8/27/2026,1303
2951,Kick Start,Barbados,789.4,8/27/2026,22944
2952,Deportivo San Pedro,Guatemala,788.8,8/27/2026,27883
2953,Fencibles United,New-Zealand,788.7,8/27/2026,24253
2954,Ath­let­ic Club,Trinidad-And-Tobago,788.4,8/27/2026,12560
2955,ASFB,Burkina-Faso,788.4,8/27/2026,8564
2956,Arba Minch Kenema,Ethiopia,788.4,8/27/2026,4126
2957,Birmingham Legion,USA,788.3,8/27/2026,3989
2958,Muhanga,Rwanda,788.3,8/27/2026,5319
2959,Cavalier,Jamaica,787.9,8/27/2026,3437
2960,Olympiakos Volos,Greece,787.7,8/27/2026,7519
2961,Marquense,Guatemala,787.6,8/27/2026,3643
2962,Istres,France,787.5,8/27/2026,3267
2963,Afturelding,Iceland,787.2,8/27/2026,3514
2964,Lautoka,Fiji,787.2,8/27/2026,4384
2965,Mezokovesd-zsory,Hungary,787.1,8/27/2026,2389
2966,Rotonda,Italy,787.1,8/27/2026,17850
2967,Supra du Quebec,Canada,786.9,8/27/2026,27461
2968,Budaiya,Bahrain,786.9,8/27/2026,5484
2969,Doxa Dramas,Greece,786.9,8/27/2026,2104
2970,Walsall,England,786.8,8/27/2026,1342
2971,Real du Cap,Haiti,786.6,8/27/2026,4438
2972,East Kilbride,Scotland,785.7,8/27/2026,6765
2973,Elva,Estonia,785.7,8/27/2026,3516
2974,Talleres Remedios,Argentina,785.7,8/27/2026,1927
2975,Platense FC,Honduras,785.6,8/27/2026,1057
2976,Majantja,Lesotho,785.6,8/27/2026,25065
2977,Poggibonsi,Italy,785.6,8/27/2026,17831
2978,Werder Bremen II,Germany,785.6,8/27/2026,1330
2979,Recanatese,Italy,785.5,8/27/2026,9517
2980,Persik Kediri,Indonesia,785.4,8/27/2026,4241
2981,Chrudim,Czech-Republic,785.3,8/27/2026,3722
2982,Dynamik,Burundi,785.3,8/27/2026,12178
2983,UMECIT,Panama,785.3,8/27/2026,20788
2984,Labasa,Fiji,785.2,8/27/2026,4383
2985,Racing de Casablanca,Morocco,785.1,8/27/2026,966
2986,Manchego,Spain,785.1,8/27/2026,9905
2987,San Carlos,Costa-Rica,785.1,8/27/2026,823
2988,RTC,Bhutan,785.0,8/27/2026,19005
2989,Cholet,France,784.9,8/27/2026,1292
2990,Budafoki LC,Hungary,784.3,8/27/2026,2399
2991,Waterhouse,Jamaica,784.2,8/27/2026,3447
2992,Rudar Prijedor,Bosnia,784.0,8/27/2026,3377
2993,Sancataldese,Italy,783.9,8/27/2026,17860
2994,Auckland,Australia,783.6,8/27/2026,24608
2995,Pirin Blagoevgrad,Bulgaria,783.5,8/27/2026,1428
2996,Oita Trinita,Japan,783.3,8/27/2026,298
2997,Villanovense,Spain,783.2,8/27/2026,5282
2998,Lask Juniors Linz,Austria,783.2,8/27/2026,1403
2999,NK Domzale,Slovenia,783.0,8/27/2026,615
3000,Saguntino,Spain,782.9,8/27/2026,9699
3001,LDF,Lesotho,782.5,8/27/2026,20977
3002,Lobos Upnfm,Honduras,782.4,8/27/2026,1059
3003,KAA Gent II,Belgium,782.3,8/27/2026,19685
3004,Dagon,Myanmar,781.9,8/27/2026,12532
3005,VfB Lubeck,Germany,781.7,8/27/2026,1625
3006,hodd,Norway,781.6,8/27/2026,2150
3007,Verdes,Belize,781.3,8/27/2026,5475
3008,Ehime FC,Japan,781.1,8/27/2026,318
3009,Vilzing,Germany,781.1,8/27/2026,12893
3010,Xerez Deportivo,Spain,781.0,8/27/2026,9771
3011,Ursaria,Spain,780.9,8/27/2026,17591
3012,Mega Sport,Egypt,780.9,8/27/2026,28011
3013,AL Nasr SC,Egypt,780.6,8/27/2026,2617
3014,Mitundu Baptist,Malawi,780.6,8/27/2026,27656
3015,Sporting Gijón II,Spain,780.3,8/27/2026,9577
3016,Matagalpa,Nicaragua,780.2,8/27/2026,19159
3017,Mictlán,Guatemala,780.2,8/27/2026,3644
3018,Gasogi United,Rwanda,780.2,8/27/2026,7574
3019,Rahmatgonj MFS,Bangladesh,780.1,8/27/2026,5017
3020,Queen of the South,Scotland,779.8,8/27/2026,1384
3021,La Linguère,Senegal,779.5,8/27/2026,5290
3022,Schöningen,Germany,779.4,8/27/2026,19475
3023,Prat,Spain,779.4,8/27/2026,9592
3024,Masters FC,Malawi,779.3,8/27/2026,27655
3025,Fortuna Düsseldorf II,Germany,779.2,8/27/2026,9369
3026,Calahorra,Spain,778.7,8/27/2026,9581
3027,Meizhou Kejia,China,778.1,8/27/2026,1439
3028,Arnett Gardens,Jamaica,778.0,8/27/2026,3436
3029,San Juan Jabloteh,Trinidad-And-Tobago,778.0,8/27/2026,12567
3030,Skopje,Macedonia,778.0,8/27/2026,4332
3031,Kapaz,Azerbaijan,778.0,8/27/2026,5490
3032,Bokelj,Montenegro,777.7,8/27/2026,3744
3033,Gimnástica Torrelavega,Spain,777.7,8/27/2026,5264
3034,Breno,Italy,777.6,8/27/2026,9481
3035,Figline,Italy,777.5,8/27/2026,22108
3036,San Juan,Spain,777.4,8/27/2026,9855
3037,Tempête,Haiti,777.1,8/27/2026,4439
3038,Estrella Roja,Honduras,777.1,8/27/2026,11370
3039,FK Aksu,Kazakhstan,777.0,8/27/2026,10416
3040,Helsingborg,Sweden,776.8,8/27/2026,811
3041,Brittons Hill,Barbados,776.7,8/27/2026,8402
3042,Malacateco,Guatemala,776.6,8/27/2026,3664
3043,Ferizaj,Kosovo,776.5,8/27/2026,14394
3044,AS Camberene,Senegal,776.1,8/27/2026,27005
3045,Kladno,Czech-Republic,775.7,8/27/2026,7307
3046,Abilashehar,Libya,775.7,8/27/2026,12443
3047,Yadah,Zimbabwe,775.6,8/27/2026,5233
3048,Cascina,Italy,775.5,8/27/2026,17828
3049,Acassuso,Argentina,775.3,8/27/2026,2425
3050,Matiguás,Nicaragua,775.2,8/27/2026,26135
3051,Levanger,Norway,775.0,8/27/2026,2145
3052,Viterbese,Italy,774.7,8/27/2026,1585
3053,Cork City,Ireland,774.7,8/27/2026,653
3054,Sogndal,Norway,774.7,8/27/2026,758
3055,RC Bobo-Dioulasso,Burkina-Faso,774.6,8/27/2026,8568
3056,Makedonija GjP,Macedonia,774.4,8/27/2026,4196
3057,Třinec,Czech-Republic,774.3,8/27/2026,3727
3058,Swift Hesperange,Luxembourg,774.2,8/27/2026,11907
3059,Proodeftiki,Greece,774.2,8/27/2026,13924
3060,Paradise,Barbados,774.1,8/27/2026,8406
3061,Unión Adarve,Spain,773.7,8/27/2026,9719
3062,Dhofar,Oman,773.5,8/27/2026,5330
3063,Red Lions,Malawi,773.1,8/27/2026,4601
3064,Zhetysu,Kazakhstan,773.0,8/27/2026,4560
3065,Talant,Kyrgyzstan,772.9,8/27/2026,18731
3066,Al-Suqoor,Libya,772.4,8/27/2026,20349
3067,Trevigliese,Italy,772.4,8/27/2026,26513
3068,Posta Rangers FC,Kenya,772.4,8/27/2026,2459
3069,Ilbirs,Kyrgyzstan,772.4,8/27/2026,12236
3070,Real Monterotondo,Italy,772.2,8/27/2026,17846
3071,Haro Deportivo,Spain,772.0,8/27/2026,9389
3072,Telavi,Georgia,772.0,8/27/2026,3511
3073,Dragons,Benin,771.6,8/27/2026,5459
3074,FC Dnepr Mogilev,Belarus,771.3,8/27/2026,384
3075,UNAN Managua,Nicaragua,771.1,8/27/2026,4647
3076,Peña Deportiva,Spain,770.8,8/27/2026,9405
3077,Transport United,Bhutan,770.8,8/27/2026,5593
3078,Buchbach,Germany,770.8,8/27/2026,9326
3079,Calendar,Botswana,770.6,8/27/2026,26690
3080,Foggia,Italy,770.6,8/27/2026,521
3081,Eichstätt,Germany,770.5,8/27/2026,4262
3082,FC Bocholt,Germany,770.0,8/27/2026,12764
3083,Cádiz II,Spain,770.0,8/27/2026,9598
3084,Inter Moengotapoe,Suriname,769.7,8/27/2026,10966
3085,Malanti Chiefs,Eswatini,769.5,8/27/2026,16816
3086,Pontedera,Italy,769.0,8/27/2026,1591
3087,Auckland II,New-Zealand,768.9,8/27/2026,25782
3088,Arsenal Tivat,Montenegro,768.7,8/27/2026,3742
3089,Smolevichi-Sti,Belarus,768.7,8/27/2026,381
3090,Città di Isernia,Italy,768.6,8/27/2026,24687
3091,Tilikratis,Greece,768.5,8/27/2026,5066
3092,San Roque Lepe,Spain,768.4,8/27/2026,9767
3093,RSC Anderlecht II,Belgium,767.8,8/27/2026,19046
3094,Franciacorta,Italy,767.8,8/27/2026,9486
3095,Al Tadhamon,Kuwait,767.6,8/27/2026,3539
3096,Jezero,Montenegro,767.5,8/27/2026,3748
3097,SD Atletico Nacional,Panama,767.4,8/27/2026,26157
3098,OshMU Aldier,Kyrgyzstan,767.2,8/27/2026,21168
3099,FC Schweinfurt 05,Germany,767.2,8/27/2026,1635
3100,Cannara,Italy,766.9,8/27/2026,9495
3101,Cardiff MET,Wales,766.8,8/27/2026,353
3102,San Fernando CD,Spain,766.8,8/27/2026,9600
3103,Roasso Kumamoto,Japan,766.5,8/27/2026,314
3104,Old Road,Antigua-And-Barbuda,766.3,8/27/2026,22797
3105,Aston Villa,Antigua-And-Barbuda,766.3,8/27/2026,22805
3106,PSM Makassar,Indonesia,766.1,8/27/2026,2441
3107,Rutsiro,Rwanda,766.0,8/27/2026,15561
3108,Tauranga City United,New-Zealand,765.8,8/27/2026,23213
3109,Saint-Colomban Locminé,France,765.8,8/27/2026,3224
3110,Al Fahaheel,Kuwait,765.7,8/27/2026,3533
3111,Linense,Spain,765.5,8/27/2026,9596
3112,Səbail,Azerbaijan,765.4,8/27/2026,4199
3113,Sansepolcro,Italy,765.3,8/27/2026,17550
3114,Lioli,Lesotho,765.3,8/27/2026,20982
3115,Grasse,France,765.1,8/27/2026,9257
3116,Gorica,Slovenia,764.9,8/27/2026,4364
3117,El Palo,Spain,764.9,8/27/2026,9745
3118,Caiquetio,Aruba,764.8,8/27/2026,8243
3119,Inter Nouakchott,Mauritania,764.8,8/27/2026,16167
3120,Inter Kashi,India,764.7,8/27/2026,22595
3121,Giouchtas,Greece,764.4,8/27/2026,12418
3122,Sevan,Armenia,764.2,8/27/2026,6284
3123,Kariba,Zimbabwe,764.1,8/27/2026,5226
3124,Magpies,Gibraltar,764.1,8/27/2026,16135
3125,Porto D' Ascoli,Italy,764.0,8/27/2026,17840
3126,Omonia 29is Maiou,Cyprus,764.0,8/27/2026,14126
3127,Chennaiyin,India,763.9,8/27/2026,3473
3128,Kelantan United,Malaysia,763.8,8/27/2026,10107
3129,Rodange 91,Luxembourg,763.8,8/27/2026,2039
3130,Jeunesse Canach,Luxembourg,763.8,8/27/2026,2029
3131,Hebar 1918,Bulgaria,763.7,8/27/2026,4659
3132,Pigotts Bullets,Antigua-And-Barbuda,763.4,8/27/2026,22800
3133,UD San Fernando,Spain,763.4,8/27/2026,9804
3134,ASD Sasso Marconi,Italy,763.3,8/27/2026,17823
3135,Walter Ferretti,Nicaragua,763.2,8/27/2026,4648
3136,Hottin,Syria,763.2,8/27/2026,9115
3137,Diocesano,Spain,763.2,8/27/2026,9829
3138,Ambrosiana,Italy,763.0,8/27/2026,9463
3139,Reyady Abaseya,Lebanon,763.0,8/27/2026,22812
3140,Cruz Azul Hidalgo,Mexico,763.0,8/27/2026,15928
3141,Real Zaragoza II,Spain,762.7,8/27/2026,9887
3142,St-Pryvé St-Hilaire,France,762.7,8/27/2026,3117
3143,Leganés II,Spain,762.6,8/27/2026,9710
3144,Chasselay MDA,France,762.6,8/27/2026,9254
3145,Birzebbuga,Malta,762.5,8/27/2026,16533
3146,Bikita Minerals,Zimbabwe,762.4,8/27/2026,23287
3147,Rayo Zuliano,Venezuela,762.3,8/27/2026,16847
3148,Costa del Este,Panama,762.2,8/27/2026,2886
3149,IBV Vestmannaeyjar,Iceland,761.9,8/27/2026,268
3150,Colonia Moscardó,Spain,761.4,8/27/2026,17589
3151,PAS Giannina,Greece,761.3,8/27/2026,950
3152,Biesheim,France,760.4,8/27/2026,3025
3153,Belshina,Belarus,760.4,8/27/2026,3384
3154,Perez Zeledon,Costa-Rica,760.4,8/27/2026,819
3155,Platense,El-Salvador,760.3,8/27/2026,19763
3156,Lions Gibraltar,Gibraltar,759.9,8/27/2026,16133
3157,Şagadam,Turkmenistan,759.9,8/27/2026,12903
3158,AJ Fano,Italy,759.7,8/27/2026,1682
3159,Kissamikos,Greece,759.4,8/27/2026,2096
3160,Sydney,Australia,759.4,8/27/2026,943
3161,Socuéllamos,Spain,758.9,8/27/2026,9414
3162,Cerdanyola del Vallès,Spain,758.7,8/27/2026,9670
3163,Enosis,Cyprus,758.7,8/27/2026,3399
3164,Legion,Estonia,758.6,8/27/2026,3520
3165,La Fama,Aruba,758.3,8/27/2026,8239
3166,Sangiovannese,Italy,758.3,8/27/2026,9503
3167,Castelnuovo Vomano,Italy,758.2,8/27/2026,17837
3168,Durango,Mexico,758.1,8/27/2026,15941
3169,APEJES Academy,Cameroon,758.0,8/27/2026,5398
3170,Melbourne Victory,Australia,757.9,8/27/2026,944
3171,Marek,Bulgaria,757.8,8/27/2026,8543
3172,Loyola,Philippines,757.6,8/27/2026,21575
3173,Team,Egypt,757.4,8/27/2026,25472
3174,Nebitci,Turkmenistan,757.0,8/27/2026,8039
3175,Lupa Roma,Italy,756.6,8/27/2026,1685
3176,Al-Jolan SC,Iraq,756.5,8/27/2026,28222
3177,Montana,Bulgaria,756.3,8/27/2026,1424
3178,Viktoria Žižkov,Czech-Republic,756.3,8/27/2026,3729
3179,Alcorcón II,Spain,756.2,8/27/2026,9706
3180,Sutton Utd,England,756.1,8/27/2026,1835
3181,Horriya,Syria,756.0,8/27/2026,15301
3182,Tabor Sežana,Slovenia,755.7,8/27/2026,4362
3183,Champasak United,Laos,755.6,8/27/2026,18750
3184,Defensores Unidos,Argentina,755.6,8/27/2026,1945
3185,FK Ventspils,Latvia,755.2,8/27/2026,707
3186,Brooklyn,USA,754.8,8/27/2026,27252
3187,Tatung,Chinese-Taipei,754.6,8/27/2026,8048
3188,Porreres,Spain,754.6,8/27/2026,24580
3189,LCS,Lesotho,754.5,8/27/2026,20976
3190,Domagnano,San-Marino,754.0,8/27/2026,5299
3191,Jong Ajax,Netherlands,753.9,8/27/2026,425
3192,Aurora,Guatemala,753.9,8/27/2026,10154
3193,NovaRomentin,Italy,753.7,8/27/2026,24761
3194,Santa Green,Botswana,753.3,8/27/2026,26691
3195,Ellerton,Barbados,753.3,8/27/2026,8403
3196,Ba,Fiji,753.3,8/27/2026,4382
3197,Utsikten,Sweden,753.2,8/27/2026,6706
3198,Brothers Union,Bangladesh,753.2,8/27/2026,5013
3199,Sisonkhe,Eswatini,753.1,8/27/2026,25019
3200,Tauro FC,Panama,753.0,8/27/2026,2885
3201,Eintracht Trier,Germany,753.0,8/27/2026,1627
3202,Linare,Lesotho,752.9,8/27/2026,20981
3203,Sonacos,Senegal,752.7,8/27/2026,5294
3204,Cacahuatique,El-Salvador,752.7,8/27/2026,24530
3205,Bastia-Borgo,France,752.6,8/27/2026,3019
3206,Villalbés,Spain,752.5,8/27/2026,9618
3207,Samtredia,Georgia,752.1,8/27/2026,581
3208,Haka,Finland,752.1,8/27/2026,2080
3209,Nõmme United,Estonia,751.9,8/27/2026,10059
3210,Cristo Atlético,Spain,751.6,8/27/2026,9728
3211,Giarre,Italy,751.5,8/27/2026,17855
3212,Altay,Kazakhstan,751.5,8/27/2026,4544
3213,Beauvais,France,751.2,8/27/2026,3153
3214,Niva,Belarus,751.2,8/27/2026,16656
3215,Don Bosco,Haiti,751.1,8/27/2026,4432
3216,Mash'al,Uzbekistan,751.0,8/27/2026,4213
3217,Black Man Warrior,Liberia,750.9,8/27/2026,25191
3218,Ouanaminthe,Haiti,750.8,8/27/2026,4435
3219,Atletico Independiente,Honduras,750.7,8/27/2026,28005
3220,Ardea,Italy,750.4,8/27/2026,22301
3221,Prison Service,Trinidad-And-Tobago,750.3,8/27/2026,20974
3222,Neftchi,Kyrgyzstan,750.3,8/27/2026,12240
3223,Aswan Sc,Egypt,750.1,8/27/2026,1048
3224,Maardu,Estonia,749.7,8/27/2026,3527
3225,Virtus Verona,Italy,749.2,8/27/2026,1707
3226,Spaeri,Georgia,748.8,8/27/2026,14864
3227,Mamer,Luxembourg,748.8,8/27/2026,15882
3228,Levante II,Spain,748.5,8/27/2026,9591
3229,KA Akureyri,Iceland,748.3,8/27/2026,272
3230,Excelsior Virton,Belgium,748.2,8/27/2026,4715
3231,Mladost DG,Montenegro,748.2,8/27/2026,16749
3232,Chieri,Italy,747.7,8/27/2026,1594
3233,Al Mabarrah,Lebanon,747.1,8/27/2026,11880
3234,GPA,Gambia,747.0,8/27/2026,8102
3235,Pdrm,Malaysia,746.6,8/27/2026,2500
3236,Colmar,France,746.5,8/27/2026,13583
3237,St. David’s,Grenada,746.5,8/27/2026,26063
3238,Panathinaikos II,Greece,746.4,8/27/2026,18019
3239,US Rumelange,Luxembourg,746.4,8/27/2026,2033
3240,Šiauliai,Lithuania,745.8,8/27/2026,3870
3241,Sporting,Aruba,745.7,8/27/2026,26895
3242,Atlético Choloma,Honduras,745.7,8/27/2026,11685
3243,22 de Julio,Ecuador,745.1,8/27/2026,25736
3244,Dinan Léhon,France,745.1,8/27/2026,9275
3245,Ghaz Al Shamal,Iraq,744.9,8/27/2026,28223
3246,Naftan,Belarus,744.9,8/27/2026,750
3247,Anzoátegui FC,Venezuela,744.8,8/27/2026,18806
3248,Primorje,Slovenia,744.8,8/27/2026,14007
3249,KRC Genk II,Belgium,744.6,8/27/2026,19045
3250,Huesca II,Spain,744.4,8/27/2026,15327
3251,Anguiano,Spain,744.3,8/27/2026,9861
3252,Résidence Walferdange,Luxembourg,744.0,8/27/2026,15900
3253,Legnano,Italy,744.0,8/27/2026,9452
3254,Al Shabab,Bahrain,743.9,8/27/2026,5480
3255,Hertha BSC II,Germany,743.9,8/27/2026,9353
3256,BSG Chemie Leipzig,Germany,743.2,8/27/2026,1651
3257,Sporting Hasselt,Belgium,743.1,8/27/2026,5931
3258,Melbourne City,Australia,742.7,8/27/2026,945
3259,Montebelluna,Italy,742.5,8/27/2026,9474
3260,Epinal,France,742.4,8/27/2026,1309
3261,Freeport,Liberia,741.6,8/27/2026,16144
3262,Metaloglobus,Romania,741.4,8/27/2026,2604
3263,Monterey Bay,USA,740.9,8/27/2026,18375
3264,Al Shabab,Kuwait,740.7,8/27/2026,3541
3265,Salavan United,Laos,740.5,8/27/2026,26367
3266,Chiba,Macao,740.1,8/27/2026,25715
3267,Cirbonero,Spain,740.0,8/27/2026,9847
3268,Toulon,France,738.9,8/27/2026,3125
3269,Menzel Bourguiba,Tunisia,738.9,8/27/2026,10621
3270,SCM Gloria Buzău,Romania,738.7,8/27/2026,6232
3271,Brikama United,Gambia,738.6,8/27/2026,6413
3272,Hansa Rostock II,Germany,738.5,8/27/2026,16119
3273,Fortuna Mfou,Cameroon,738.4,8/27/2026,5405
3274,Team Nuova Florida,Italy,738.4,8/27/2026,9533
3275,Ballymena United,Northern-Ireland,738.4,8/27/2026,668
3276,Gimhae City,South-Korea,737.7,8/27/2026,7076
3277,Subiza,Spain,737.7,8/27/2026,9856
3278,PFF Developmental Club,Philippines,737.5,8/27/2026,25189
3279,FF Jaro,Finland,737.3,8/27/2026,2075
3280,Aubstadt,Germany,737.2,8/27/2026,9323
3281,SV Rodinghausen,Germany,737.2,8/27/2026,1650
3282,Cavaly,Haiti,737.1,8/27/2026,4430
3283,Arsenal Česká Lípa,Czech-Republic,737.0,8/27/2026,7270
3284,Young Lions,Singapore,736.9,8/27/2026,4208
3285,Lealtad,Spain,736.7,8/27/2026,9396
3286,Otrant-Olympic,Montenegro,736.7,8/27/2026,3751
3287,Borgaro Nobis,Italy,736.5,8/27/2026,24682
3288,Corticella,Italy,736.1,8/27/2026,19972
3289,El Ejido,Spain,736.1,8/27/2026,9744
3290,Gareji,Georgia,736.0,8/27/2026,14860
3291,BFF Academy U20,Bhutan,736.0,8/27/2026,25952
3292,Raya Ghazl,Egypt,735.9,8/27/2026,21304
3293,Haverfordwest County AFC,Wales,735.6,8/27/2026,2194
3294,Crusaders FC,Northern-Ireland,735.5,8/27/2026,697
3295,FC Astoria Walldorf,Germany,735.1,8/27/2026,1626
3296,Real de Banjul,Gambia,735.0,8/27/2026,16804
3297,Irtysh,Kazakhstan,735.0,8/27/2026,4565
3298,Muravera,Italy,735.0,8/27/2026,9529
3299,Voska Sport,Macedonia,734.9,8/27/2026,17663
3300,Tadamon Sour,Lebanon,734.3,8/27/2026,4577
3301,Chantilly,France,734.1,8/27/2026,3162
3302,Aglianese,Italy,733.8,8/27/2026,9493
3303,River Plate,Aruba,733.7,8/27/2026,8242
3304,Angoulême,France,733.7,8/27/2026,3011
3305,Standard Liège II,Belgium,733.5,8/27/2026,19047
3306,České Budějovice,Czech-Republic,733.2,8/27/2026,3736
3307,Ciliverghe,Italy,733.2,8/27/2026,883
3308,Vanraure Hachinohe,Japan,732.8,8/27/2026,4326
3309,Suhareka,Kosovo,732.8,8/27/2026,22817
3310,Racing United,Jamaica,732.5,8/27/2026,25020
3311,Wolfsburg II,Germany,732.3,8/27/2026,9348
3312,Abdish-Ata,Kyrgyzstan,732.0,8/27/2026,12234
3313,Mar Menor,Spain,731.6,8/27/2026,9815
3314,Sputnik,Belarus,731.5,8/27/2026,3394
3315,Escorpiones Belén,Costa-Rica,731.2,8/27/2026,17377
3316,Sama Al Sarhan,Jordan,731.1,8/27/2026,17469
3317,Van,Armenia,731.0,8/27/2026,6286
3318,Brattvåg,Norway,731.0,8/27/2026,6970
3319,Mariehamn,Finland,730.8,8/27/2026,587
3320,Bobigny,France,730.6,8/27/2026,3027
3321,Victor San Marino,Italy,730.5,8/27/2026,22124
3322,Petone,New-Zealand,730.4,8/27/2026,20644
3323,Granville,France,730.4,8/27/2026,3185
3324,Mines,Zambia,729.8,8/27/2026,26200
3325,Arconatese,Italy,729.7,8/27/2026,9444
3326,Hanácká,Czech-Republic,729.5,8/27/2026,7291
3327,Schwarz-Weiß Rehden,Germany,729.3,8/27/2026,9345
3328,Iraklis Larissa,Greece,729.3,8/27/2026,12383
3329,Potters Tigers,Antigua-And-Barbuda,729.1,8/27/2026,25288
3330,Dieppe,France,729.0,8/27/2026,9274
3331,Al-Khabourah,Oman,728.7,8/27/2026,11380
3332,Shorta,Syria,728.4,8/27/2026,9123
3333,Cartigliano,Italy,728.0,8/27/2026,9466
3334,Fréjus St-Raphaël,France,727.9,8/27/2026,3051
3335,Kastrioti Krujë,Albania,727.9,8/27/2026,3319
3336,Shatin,Hong-Kong,727.5,8/27/2026,4471
3337,Atletico Terme Fiuggi,Italy,727.4,8/27/2026,9506
3338,Penya Independent,Spain,727.1,8/27/2026,18098
3339,Atletico Balboa,El-Salvador,727.0,8/27/2026,28018
3340,Real Santander,Colombia,727.0,8/27/2026,1463
3341,Aşgabat,Turkmenistan,726.8,8/27/2026,13159
3342,Bashkimi Kumanovo,Macedonia,726.6,8/27/2026,22153
3343,Bandits,Belize,726.5,8/27/2026,5470
3344,Southend,England,726.4,8/27/2026,1341
3345,Navua,Fiji,726.3,8/27/2026,10078
3346,Smail,Oman,726.1,8/27/2026,15962
3347,Zeta,Montenegro,726.0,8/27/2026,676
3348,Mohammedan,India,725.8,8/27/2026,15585
3349,Wacker Burghausen,Germany,725.3,8/27/2026,9337
3350,Sammaurese,Italy,725.3,8/27/2026,9489
3351,Taipower,Chinese-Taipei,725.2,8/27/2026,9427
3352,Yaracuyanos FC,Venezuela,725.1,8/27/2026,2829
3353,Bombada,Gambia,725.0,8/27/2026,22707
3354,Depor FC,Colombia,724.9,8/27/2026,1468
3355,Besa Dobërdoll,Macedonia,724.9,8/27/2026,17660
3356,Noravank,Armenia,724.7,8/27/2026,14129
3357,Montlouis,France,724.6,8/27/2026,9293
3358,Hamilton Academical,Scotland,724.5,8/27/2026,248
3359,Extremadura,Spain,724.3,8/27/2026,860
3360,Ibri,Oman,724.2,8/27/2026,15960
3361,Triangle United,Zimbabwe,724.1,8/27/2026,5232
3362,Cayón,Spain,724.1,8/27/2026,15339
3363,Union Douala,Cameroon,724.1,8/27/2026,5413
3364,Lorient II,France,724.0,8/27/2026,9240
3365,Deportivo Universitario,Panama,723.5,8/27/2026,2888
3366,Jedinstvo,Croatia,723.4,8/27/2026,3747
3367,Union Cocle,Panama,723.2,8/27/2026,27364
3368,Aiolikos,Greece,723.1,8/27/2026,5027
3369,FK Kukesi,Albania,723.0,8/27/2026,577
3370,Bayern Alzenau,Germany,722.8,8/27/2026,9361
3371,Boreale,Italy,722.6,8/27/2026,22303
3372,Al-Andalus,Libya,722.5,8/27/2026,12444
3373,Schifflange,Luxembourg,721.9,8/27/2026,15905
3374,SSVg Velbert,Germany,721.8,8/27/2026,12847
3375,Achuapa,Guatemala,721.8,8/27/2026,3636
3376,Suchitepéquez,Guatemala,721.3,8/27/2026,3653
3377,Alfaro,Spain,721.1,8/27/2026,9860
3378,Vastese,Italy,721.0,8/27/2026,9521
3379,Tarxien Rainbows,Malta,721.0,8/27/2026,4629
3380,Rodos,Greece,720.8,8/27/2026,12406
3381,TelOne,Zimbabwe,720.7,8/27/2026,5231
3382,Suva,Fiji,720.7,8/27/2026,4388
3383,Santa Lucía,Malta,720.6,8/27/2026,3651
3384,BST Galaxy,Gambia,720.4,8/27/2026,22706
3385,Northampton,England,720.3,8/27/2026,1337
3386,Bulawayo Chiefs,Zimbabwe,720.2,8/27/2026,5217
3387,Triomphe Liancourt,Haiti,720.0,8/27/2026,4440
3388,Fossano,Italy,720.0,8/27/2026,9434
3389,Bubali,Aruba,719.3,8/27/2026,8235
3390,Mutilvera,Spain,719.0,8/27/2026,5270
3391,Karvan,Azerbaijan,718.8,8/27/2026,11239
3392,Adelaide United,Australia,718.8,8/27/2026,948
3393,Chauray,France,718.4,8/27/2026,3037
3394,Bay Olympic,New-Zealand,718.4,8/27/2026,20654
3395,Broki,Suriname,717.4,8/27/2026,12213
3396,Igman Konjic,Bosnia,717.0,8/27/2026,3367
3397,Gladiator,Italy,716.7,8/27/2026,9545
3398,AE Karaiskakis,Greece,716.7,8/27/2026,2103
3399,Bouenguidi,Gabon,716.6,8/27/2026,15564
3400,Aspropyrgos Enosis,Greece,716.5,8/27/2026,7509
3401,Macarthur,Australia,716.4,8/27/2026,15550
3402,Illescas,Spain,716.3,8/27/2026,9901
3403,Limonest,France,716.1,8/27/2026,3071
3404,Shkëndija Haraçinë,Macedonia,715.9,8/27/2026,24781
3405,Racing Club Haitien,Haiti,715.7,8/27/2026,4436
3406,Bourj,Lebanon,715.6,8/27/2026,7516
3407,Grbalj,Montenegro,715.0,8/27/2026,3737
3408,Cheltenham,England,715.0,8/27/2026,1372
3409,Cassino,Italy,715.0,8/27/2026,9525
3410,Ansan Greeners,South-Korea,715.0,8/27/2026,2758
3411,Leioa,Spain,714.7,8/27/2026,9397
3412,GIF Sundsvall,Sweden,713.8,8/27/2026,373
3413,HK Kopavogur,Iceland,713.7,8/27/2026,2113
3414,Sparta Praha II,Czech-Republic,713.6,8/27/2026,8619
3415,Don Benito,Spain,713.5,8/27/2026,5259
3416,Cove Rangers,Scotland,713.2,8/27/2026,6763
3417,Kampaniakos Chalastra,Greece,713.1,8/27/2026,20683
3418,Crawley Town,England,712.8,8/27/2026,1362
3419,SV Lafnitz,Austria,712.7,8/27/2026,1402
3420,Mladost Lješkopolje,Montenegro,712.7,8/27/2026,3750
3421,Eintracht Norderstedt,Germany,712.5,8/27/2026,1631
3422,Pro Patria,Italy,712.4,8/27/2026,1706
3423,Garden Stars,Antigua-And-Barbuda,712.1,8/27/2026,22793
3424,Moss,Norway,711.7,8/27/2026,7012
3425,Transvaal,Suriname,711.2,8/27/2026,12219
3426,Jong Aruba,Aruba,711.2,8/27/2026,11176
3427,Young Sport Academy,Cameroon,711.1,8/27/2026,5415
3428,Atlético Paso,Spain,711.0,8/27/2026,9791
3429,Fermana,Italy,710.9,8/27/2026,1701
3430,Sagaing United,Myanmar,710.7,8/27/2026,12528
3431,Prishtina e Re,Kosovo,710.6,8/27/2026,22816
3432,Sporting JAX,USA,709.8,8/27/2026,25959
3433,ZFC Meuselwitz,Germany,709.7,8/27/2026,9358
3434,Unión Sur Yaiza,Spain,709.6,8/27/2026,17605
3435,Licata,Italy,709.4,8/27/2026,9557
3436,Molynes United,Jamaica,709.3,8/27/2026,6407
3437,Luckenwalde,Germany,709.3,8/27/2026,12809
3438,Kom,Montenegro,708.9,8/27/2026,3749
3439,Metta / LU,Latvia,708.8,8/27/2026,4159
3440,San Giorgio,Italy,708.5,8/27/2026,17851
3441,Napoles,Belize,708.4,8/27/2026,26692
3442,Adriese,Italy,708.4,8/27/2026,5603
3443,Fanfulla,Italy,708.4,8/27/2026,5605
3444,Al-Rustaq,Oman,708.3,8/27/2026,5328
3445,Korabi Peshkopi,Albania,707.6,8/27/2026,3331
3446,Guijuelo,Spain,707.6,8/27/2026,9388
3447,Bishkek City,Kyrgyzstan,707.6,8/27/2026,25766
3448,Fiorentino,San-Marino,707.3,8/27/2026,5301
3449,Thor Akureyri,Iceland,707.1,8/27/2026,2116
3450,Lao Army,Laos,707.1,8/27/2026,16493
3451,Tivoli,Italy,707.1,8/27/2026,19989
3452,Saham,Oman,707.0,8/27/2026,5335
3453,Juticalpa,Honduras,706.9,8/27/2026,1053
3454,Chions,Italy,706.6,8/27/2026,9467
3455,Viktoria Berlin,Germany,706.6,8/27/2026,4266
3456,Legion,Estonia,706.4,8/27/2026,13152
3457,Castelfidardo Calcio,Italy,706.4,8/27/2026,17836
3458,Marchamalo,Spain,706.2,8/27/2026,15332
3459,Tolentino,Italy,706.1,8/27/2026,9520
3460,Toktogul,Kyrgyzstan,706.1,8/27/2026,27550
3461,Almería II,Spain,706.1,8/27/2026,9741
3462,Molodechno-DYuSSh 4,Belarus,705.9,8/27/2026,7798
3463,Asane,Norway,705.7,8/27/2026,2148
3464,Benfica,Macao,705.7,8/27/2026,21201
3465,Victoria,Honduras,705.7,8/27/2026,11682
3466,Augsburg II,Germany,705.6,8/27/2026,9324
3467,Gallipoli,Italy,705.6,8/27/2026,22309
3468,Samger,Gambia,705.1,8/27/2026,18107
3469,Foutoua,Syria,704.8,8/27/2026,9114
3470,Carlisle,England,704.5,8/27/2026,1371
3471,Rende,Italy,703.9,8/27/2026,886
3472,Hart Acedemy,Gambia,703.7,8/27/2026,25420
3473,Real Sociedad III,Spain,703.6,8/27/2026,9662
3474,Borgo San Donnino,Italy,703.0,8/27/2026,17827
3475,Dinamo Ferizaj,Kosovo,702.8,8/27/2026,22815
3476,Camerhogne,Grenada,702.7,8/27/2026,23365
3477,Bayern München II,Germany,702.5,8/27/2026,4674
3478,Kaan-Marienborn,Germany,701.9,8/27/2026,12799
3479,Guadalupe FC,Costa-Rica,701.9,8/27/2026,821
3480,Bala Town,Scotland,701.7,8/27/2026,352
3481,Erzeni Shijak,Albania,701.7,8/27/2026,3329
3482,Penya Encarnada,Andorra,701.3,8/27/2026,3352
3483,Málaga II,Spain,701.3,8/27/2026,9752
3484,Dangkor Senchey,Cambodia,700.8,8/27/2026,21735
3485,FS Jelgava,Latvia,700.5,8/27/2026,18834
3486,San Marcos,Nicaragua,700.3,8/27/2026,23311
3487,Caravel,Aruba,700.3,8/27/2026,8236
3488,Tallinna Kalev,Estonia,700.3,8/27/2026,3529
3489,Tanjong Pagar,Singapore,700.2,8/27/2026,10077
3490,Brazil Juniors,Aruba,700.2,8/27/2026,8233
3491,Glenavon FC,Northern-Ireland,699.9,8/27/2026,2275
3492,Lynx,Gibraltar,699.8,8/27/2026,16134
3493,Portadown,Northern-Ireland,699.5,8/27/2026,5348
3494,Sardarapat,Armenia,699.5,8/27/2026,26198
3495,Spartaks Jurmala,Latvia,699.2,8/27/2026,589
3496,Atletico Castegnato,Italy,699.0,8/27/2026,22181
3497,Tulevik,Estonia,698.9,8/27/2026,3531
3498,Bettembourg,Luxembourg,698.8,8/27/2026,10881
3499,Vis Artena,Italy,698.7,8/27/2026,9535
3500,Thesprotos,Greece,698.7,8/27/2026,5062
3501,Etzella Ettelbruck,Luxembourg,698.4,8/27/2026,2042
3502,Flint Town United,Wales,698.2,8/27/2026,5614
3503,Bidco United,Kenya,697.8,8/27/2026,2493
3504,CS Mioveni,Romania,697.5,8/27/2026,2594
3505,Al Sulaibikhat,Kuwait,697.4,8/27/2026,3543
3506,EIF,Finland,697.2,8/27/2026,2078
3507,EO Sidi Bouzid,Tunisia,696.6,8/27/2026,10606
3508,Omaya SC,Syria,696.4,8/27/2026,27270
3509,Hunters,Zimbabwe,696.4,8/27/2026,27275
3510,Thitsar Arman,Myanmar,695.8,8/27/2026,24091
3511,Turan Turkistan,Kazakhstan,695.6,8/27/2026,21502
3512,Torviscosa,Italy,695.1,8/27/2026,19990
3513,Al Jahra,Kuwait,694.0,8/27/2026,3534
3514,Real Forte Querceta,Italy,693.9,8/27/2026,9438
3515,Treasure Beach,Jamaica,693.8,8/27/2026,22606
3516,Arbëria,Kosovo,693.8,8/27/2026,14400
3517,Team Rhino,Gambia,693.5,8/27/2026,18109
3518,Harrogate Town,England,692.6,8/27/2026,1842
3519,Alba Calcio,Italy,692.5,8/27/2026,22103
3520,Falcons,Gambia,691.8,8/27/2026,27265
3521,Calcio Certaldo,Italy,691.2,8/27/2026,22304
3522,CD Lugo B,Spain,690.6,8/27/2026,9614
3523,Seregno,Italy,690.6,8/27/2026,896
3524,Manresa,Spain,690.4,8/27/2026,9675
3525,Hong Kong FC,Hong-Kong,690.4,8/27/2026,4462
3526,I.S.P.E,Myanmar,690.3,8/27/2026,12526
3527,Paternò,Italy,690.2,8/27/2026,17857
3528,Port Layola,Belize,690.2,8/27/2026,19741
3529,Rayo Vallecano II,Spain,690.1,8/27/2026,9715
3530,Fezzanese,Italy,690.0,8/27/2026,9433
3531,Caravaggio,Italy,689.9,8/27/2026,9447
3532,Delta Porto Tolle,Italy,689.9,8/27/2026,9470
3533,Detonit Plachkovica,Macedonia,689.9,8/27/2026,19754
3534,Fiorenzuola,Italy,689.6,8/27/2026,9485
3535,Mjondalen,Norway,688.6,8/27/2026,2152
3536,Vega Real,Dominican-Republic,688.5,8/27/2026,16142
3537,Manica Diamonds,Zimbabwe,688.4,8/27/2026,5227
3538,Moca,Dominican-Republic,688.3,8/27/2026,16617
3539,Atlántico,Dominican-Republic,688.3,8/27/2026,16138
3540,GAZ Metan Medias,Romania,688.1,8/27/2026,2577
3541,Kirivong Sok Sen Chey,Cambodia,688.0,8/27/2026,5389
3542,Ilioupoli,Greece,688.0,8/27/2026,15235
3543,San Nicolaas,Aruba,687.9,8/27/2026,27629
3544,Lovćen,Montenegro,687.9,8/27/2026,3739
3545,Köpetdag Aşgabat,Turkmenistan,687.8,8/27/2026,13157
3546,Iskra,Montenegro,687.7,8/27/2026,3738
3547,Schwaben Augsburg,Germany,687.4,8/27/2026,12849
3548,Zejtun Corinthians,Malta,687.3,8/27/2026,4615
3549,Bayreuth,Germany,686.8,8/27/2026,9325
3550,Bagnolese BP,Italy,686.6,8/27/2026,17826
3551,Pinerolo,Italy,686.5,8/27/2026,19978
3552,Turris,Italy,686.4,8/27/2026,5608
3553,Never Give Up Academy,Burundi,686.4,8/27/2026,28131
3554,Wasquehal,France,686.1,8/27/2026,3140
3555,Strommen,Norway,685.8,8/27/2026,2147
3556,Steve Biko,Gambia,685.8,8/27/2026,18108
3557,Poitiers,France,685.7,8/27/2026,3097
3558,Ordino,Andorra,685.4,8/27/2026,3344
3559,Angri Calcio,Italy,685.2,8/27/2026,19967
3560,Llandudno,Wales,685.2,8/27/2026,362
3561,Montegiorgio,Italy,685.1,8/27/2026,9512
3562,West Coast Rangers,New-Zealand,685.0,8/27/2026,21124
3563,UD Logroñés II,Spain,684.9,8/27/2026,9872
3564,Dutch Lions,Gambia,684.5,8/27/2026,25419
3565,Locri 1909,Italy,684.4,8/27/2026,19974
3566,Hantharwady United,Myanmar,684.3,8/27/2026,12525
3567,Garage Express,Burundi,684.3,8/27/2026,26333
3568,Sandnes ULF,Norway,684.2,8/27/2026,2146
3569,Bisceglie,Italy,684.2,8/27/2026,1703
3570,Cambrian & Clydach,Wales,683.6,8/27/2026,2202
3571,Upper Hutt City,New-Zealand,683.5,8/27/2026,24310
3572,Blois,France,683.4,8/27/2026,3026
3573,Mladost Doboj Kakanj,Bosnia,683.3,8/27/2026,3358
3574,Vestri,Iceland,683.2,8/27/2026,4165
3575,Tiferno Lerchi,Italy,683.2,8/27/2026,17833
3576,Virtus Bolzano,Italy,683.1,8/27/2026,9461
3577,Alessandria,Italy,683.0,8/27/2026,878
3578,Ayeyawady United,Myanmar,682.9,8/27/2026,12523
3579,TMT,Gambia,682.5,8/27/2026,22708
3580,Mallorca II,Spain,682.5,8/27/2026,9783
3581,Luangprabang FC,Laos,682.5,8/27/2026,21015
3582,Fuerte San Francisco,El-Salvador,682.4,8/27/2026,22157
3583,Grorud,Norway,682.4,8/27/2026,6993
3584,Costa D’Amalfi,Italy,682.3,8/27/2026,24689
3585,Troina,Italy,682.0,8/27/2026,9565
3586,Greater Tomorrow,Gambia,681.4,8/27/2026,20811
3587,Newport County,England,680.9,8/27/2026,1367
3588,Juvenes / Dogana,San-Marino,680.6,8/27/2026,5302
3589,Dainava,Lithuania,680.3,8/27/2026,3859
3590,Estrella,Aruba,680.2,8/27/2026,8238
3591,Manurewa,New-Zealand,680.2,8/27/2026,21123
3592,Central Coast Mariners,Australia,680.1,8/27/2026,941
3593,Atletico Uri,Italy,679.8,8/27/2026,17842
3594,Bitonto,Italy,679.6,8/27/2026,9540
3595,PWD Sports Club,Bangladesh,679.5,8/27/2026,26882
3596,Thimphu,Bhutan,678.2,8/27/2026,5591
3597,Wagiya,Belize,678.0,8/27/2026,5476
3598,Montecchio Maggiore,Italy,677.8,8/27/2026,19976
3599,Bahrain SC,Bahrain,677.1,8/27/2026,5582
3600,Panadería Pulido,Spain,677.0,8/27/2026,9800
3601,Ethnikos Neou Keramidiou,Greece,676.8,8/27/2026,5041
3602,Wiedenbrück,Germany,676.6,8/27/2026,12897
3603,Molfetta Calcio,Italy,676.6,8/27/2026,17849
3604,Greuther Fürth II,Germany,676.6,8/27/2026,9328
3605,Accrington ST,England,676.4,8/27/2026,1360
3606,Eimsbütteler TV,Germany,676.4,8/27/2026,13947
3607,Perth Glory,Australia,676.2,8/27/2026,940
3608,Super Nova,Latvia,676.0,8/27/2026,4143
3609,Holstein Kiel II,Germany,676.0,8/27/2026,9344
3610,Al-Qasim,Iraq,675.9,8/27/2026,15546
3611,Cartagena LU II,Spain,675.0,8/27/2026,17715
3612,Atl. Deportivo,Aruba,674.5,8/27/2026,27628
3613,Rieti,Italy,674.3,8/27/2026,1711
3614,Stresa,Italy,674.2,8/27/2026,19985
3615,EB / Streymur,Faroe-Islands,674.0,8/27/2026,4177
3616,St. Pauli II,Germany,673.9,8/27/2026,9346
3617,Altona 93,Germany,673.8,8/27/2026,9338
3618,Tamaraceite,Spain,673.6,8/27/2026,9415
3619,Panthere Noir,Burundi,673.3,8/27/2026,28130
3620,Carbonia,Italy,673.2,8/27/2026,17843
3621,Hawks,Gambia,673.2,8/27/2026,8087
3622,Buhimba Saints,Uganda,672.9,8/27/2026,26672
3623,San Giovanni,San-Marino,672.8,8/27/2026,5307
3624,Kolkheti Poti,Georgia,671.7,8/27/2026,3507
3625,Life Sihanoukville,Cambodia,671.6,8/27/2026,24520
3626,Granada II,Spain,671.6,8/27/2026,9599
3627,Dunbeholden,Jamaica,671.5,8/27/2026,3438
3628,AB,Faroe-Islands,671.2,8/27/2026,4184
3629,Raufoss,Norway,671.1,8/27/2026,2153
3630,RCA,Aruba,670.7,8/27/2026,8240
3631,Apollon Larissa FC,Greece,670.5,8/27/2026,2101
3632,FC Gießen,Germany,670.4,8/27/2026,9362
3633,Saint-Priest,France,669.5,8/27/2026,3296
3634,LMPS,Lesotho,669.3,8/27/2026,20978
3635,Portici,Italy,669.1,8/27/2026,9531
3636,JDFS Alberts,Latvia,669.1,8/27/2026,4139
3637,Merw,Turkmenistan,669.1,8/27/2026,13158
3638,Sirens,Malta,667.9,8/27/2026,4619
3639,Berane,Montenegro,667.8,8/27/2026,3743
3640,Drukpa,Bhutan,667.4,8/27/2026,27725
3641,Jelgava,Latvia,667.2,8/27/2026,4158
3642,Young Star,Burundi,667.2,8/27/2026,28129
3643,Villarrobledo,Spain,667.2,8/27/2026,9602
3644,Makedonikos Neapolis,Greece,666.8,8/27/2026,12372
3645,Real Acerrana,Italy,666.7,8/27/2026,24698
3646,Saumur,France,666.7,8/27/2026,3225
3647,Melita,Malta,666.6,8/27/2026,4620
3648,York,England,666.4,8/27/2026,1828
3649,Yadanarbon,Myanmar,666.3,8/27/2026,8017
3650,FC Schaffhausen,Switzerland,666.1,8/27/2026,2182
3651,Wuppertaler SV,Germany,665.7,8/27/2026,9375
3652,PAO Rouf,Greece,665.6,8/27/2026,13931
3653,Irodotos,Greece,665.3,8/27/2026,2107
3654,Alzira,Spain,665.2,8/27/2026,9687
3655,Eilenburg,Germany,664.8,8/27/2026,12756
3656,La Nucía,Spain,664.6,8/27/2026,9393
3657,Insieme Formia,Italy,664.0,8/27/2026,17845
3658,Akragas,Italy,663.9,8/27/2026,1684
3659,Wanaka,New-Zealand,663.8,8/27/2026,24318
3660,Semen Padang,Indonesia,663.5,8/27/2026,2456
3661,Atlas Delmenhorst,Germany,663.5,8/27/2026,4260
3662,Trujillanos FC,Venezuela,663.3,8/27/2026,2815
3663,Teutonia Ottensen,Germany,663.0,8/27/2026,12878
3664,Balingen,Germany,663.0,8/27/2026,9360
3665,Schott Mainz,Germany,662.8,8/27/2026,14524
3666,Wellington Phoenix,Australia,662.4,8/27/2026,942
3667,Taranto,Italy,662.2,8/27/2026,1696
3668,Waterside Karori,New-Zealand,661.9,8/27/2026,20645
3669,Aprilia,Italy,661.7,8/27/2026,9523
3670,Island Bay United,New-Zealand,661.5,8/27/2026,23211
3671,Terracina Calcio,Italy,661.3,8/27/2026,24702
3672,BW Lohne,Germany,660.8,8/27/2026,14629
3673,Etar Veliko Tarnovo,Bulgaria,659.9,8/27/2026,855
3674,Harbour View,Jamaica,659.2,8/27/2026,3439
3675,Lippstadt 08,Germany,659.2,8/27/2026,9372
3676,Chapelton,Jamaica,659.0,8/27/2026,20597
3677,Tranmere,England,659.0,8/27/2026,1381
3678,Asiagoal,Kyrgyzstan,658.8,8/27/2026,25764
3679,FK Mladost Podgorica,Montenegro,658.5,8/27/2026,643
3680,Khan Shaykhun SC,Syria,658.4,8/27/2026,27267
3681,Real Madriz,Nicaragua,658.2,8/27/2026,4646
3682,Villafranca,Italy,658.0,8/27/2026,10681
3683,Castanese,Italy,657.8,8/27/2026,19969
3684,Hércules,El-Salvador,657.6,8/27/2026,26156
3685,Gillingham,England,657.5,8/27/2026,1347
3686,Bischofswerdaer FV,Germany,657.4,8/27/2026,9352
3687,GOŠK Gabela,Bosnia,657.2,8/27/2026,3356
3688,Sofapaka,Kenya,656.8,8/27/2026,2470
3689,Shrewsbury,England,656.3,8/27/2026,1352
3690,Pacific FC,Canada,656.2,8/27/2026,2622
3691,Vis Nova Giussano,Italy,656.0,8/27/2026,17819
3692,Rudar Velenje,Montenegro,655.8,8/27/2026,2258
3693,Albenga,Italy,655.7,8/27/2026,22299
3694,Mensajero,Spain,655.7,8/27/2026,5269
3695,Jeunes Fauves,Cameroon,655.4,8/27/2026,16526
3696,Vastogirardi,Italy,655.3,8/27/2026,9522
3697,Green City,Antigua-And-Barbuda,655.2,8/27/2026,22794
3698,Zacatecoluca,El-Salvador,654.5,8/27/2026,26155
3699,Rochdale,England,654.2,8/27/2026,1339
3700,Neptūną Klaipėda,Lithuania,654.1,8/27/2026,14384
3701,North Wellington,New-Zealand,654.0,8/27/2026,20643
3702,Meshakhte,Georgia,653.9,8/27/2026,13847
3703,Tritium,Italy,653.6,8/27/2026,9459
3704,Finn Harps,Ireland,653.0,8/27/2026,3841
3705,B68,Faroe-Islands,653.0,8/27/2026,4186
3706,Agama,Zimbabwe,652.9,8/27/2026,27273
3707,Bellinzona,Switzerland,652.0,8/27/2026,6616
3708,BKMA,Armenia,651.9,8/27/2026,6279
3709,Dagon Port,Myanmar,651.9,8/27/2026,24090
3710,Fola Esch,Luxembourg,651.8,8/27/2026,626
3711,Union Fürstenwalde,Germany,651.8,8/27/2026,9357
3712,Marino,Spain,651.7,8/27/2026,9799
3713,Eltersdorf,Germany,651.3,8/27/2026,12762
3714,Châteaubriant,France,651.1,8/27/2026,9272
3715,Nadi,Fiji,651.0,8/27/2026,4385
3716,Pride of Gall Hill,Barbados,651.0,8/27/2026,8417
3717,Atlético Pulpileño,Spain,650.8,8/27/2026,9808
3718,Eleven Wonders,Ghana,650.0,8/27/2026,12246
3719,Pas de la Casa,Andorra,649.9,8/27/2026,19196
3720,FC Clinceni,Romania,649.5,8/27/2026,2603
3721,Olginatese,Italy,649.4,8/27/2026,17536
3722,Düren Merzenich,Germany,649.3,8/27/2026,12754
3723,Skanste,Latvia,648.6,8/27/2026,16835
3724,RSV Eintracht,Germany,648.4,8/27/2026,14754
3725,Badalona,Spain,648.1,8/27/2026,5250
3726,Ponte San Pietro,Italy,648.0,8/27/2026,9455
3727,Kilia Kiel,Germany,647.8,8/27/2026,14500
3728,Racing Rioja,Spain,647.8,8/27/2026,15324
3729,Olimpik Sarajevo,Bosnia,647.1,8/27/2026,4282
3730,Brechin,Scotland,646.8,8/27/2026,1390
3731,San Luca,Italy,646.7,8/27/2026,17859
3732,Central,Trinidad-And-Tobago,645.8,8/27/2026,8005
3733,Cheng Fung,Macao,645.5,8/27/2026,21195
3734,Hilden,Germany,645.2,8/27/2026,12790
3735,Lori,Armenia,645.2,8/27/2026,3685
3736,Hartlepool,England,644.9,8/27/2026,1366
3737,Inca Aruba,El-Salvador,644.2,8/27/2026,28019
3738,Attacking Saints,Antigua-And-Barbuda,644.2,8/27/2026,25286
3739,Westfalia Rhynern,Germany,644.1,8/27/2026,14826
3740,Mondercange,Luxembourg,643.5,8/27/2026,15886
3741,Fjolnir,Iceland,643.5,8/27/2026,273
3742,Lichtenberg,Germany,643.5,8/27/2026,9354
3743,Panargiakos,Greece,642.9,8/27/2026,6315
3744,Namtha United,Laos,642.6,8/27/2026,21016
3745,Laredo,Spain,642.5,8/27/2026,9394
3746,Jabala,Syria,642.5,8/27/2026,9116
3747,Levico,Italy,642.1,8/27/2026,9453
3748,Zvijezda 09,Bosnia,642.1,8/27/2026,3362
3749,Olympic Charleroi,Belgium,641.9,8/27/2026,6221
3750,Skála,Faroe-Islands,639.9,8/27/2026,4191
3751,Jubilee,Liberia,639.6,8/27/2026,19890
3752,Queens Park Rangers,Grenada,639.3,8/27/2026,23374
3753,Manzini Wanderers,Eswatini,637.8,8/27/2026,16818
3754,Bangor,Northern-Ireland,637.7,8/27/2026,11112
3755,Manonyane,Lesotho,637.5,8/27/2026,20985
3756,Tsirang,Bhutan,636.7,8/27/2026,21277
3757,Bagatelle,Barbados,636.5,8/27/2026,8420
3758,Virtus Matino,Italy,636.4,8/27/2026,17852
3759,Cenaia,Italy,636.2,8/27/2026,22305
3760,Universidad O&M,Dominican-Republic,636.0,8/27/2026,16141
3761,Ansbach,Germany,635.9,8/27/2026,14621
3762,Nasinu,Fiji,635.7,8/27/2026,4386
3763,Hang Sai,Macao,635.5,8/27/2026,21196
3764,07 Vestur,Faroe-Islands,635.2,8/27/2026,4174
3765,Bahlinger SC,Germany,635.1,8/27/2026,9359
3766,Bray Wanderers,Ireland,635.1,8/27/2026,3847
3767,Tivoli Gardens,Jamaica,634.7,8/27/2026,3445
3768,Garelli United,Philippines,634.5,8/27/2026,21573
3769,UE Sant Julia,Andorra,634.2,8/27/2026,674
3770,Vushtrria,Kosovo,634.1,8/27/2026,14396
3771,Dhaka Wanderers,Bangladesh,634.1,8/27/2026,25415
3772,Optik Rathenow,Germany,633.9,8/27/2026,9356
3773,Notch,Suriname,633.8,8/27/2026,12216
3774,Göppinger SV,Germany,633.5,8/27/2026,12777
3775,Bhutan U19,Bhutan,632.9,8/27/2026,5433
3776,Viimsi,Estonia,632.7,8/27/2026,14340
3777,FC Messina,Italy,632.4,8/27/2026,9555
3778,Lanusei,Italy,632.3,8/27/2026,5606
3779,Syunik,Armenia,631.9,8/27/2026,20087
3780,Vélez,Spain,631.8,8/27/2026,9739
3781,Loughgall,Northern-Ireland,631.4,8/27/2026,5345
3782,Matese,Italy,631.3,8/27/2026,17838
3783,Santa Maria Cilento,Italy,631.1,8/27/2026,17861
3784,Sona,Italy,630.7,8/27/2026,17818
3785,Kooteepee,Finland,630.6,8/27/2026,2076
3786,Grotta,Iceland,630.4,8/27/2026,2121
3787,West Armenia,Armenia,630.1,8/27/2026,6287
3788,Eintracht Frankfurt II,Germany,630.0,8/27/2026,19217
3789,Ogre United,Latvia,629.7,8/27/2026,18936
3790,Todesfelde,Germany,629.6,8/27/2026,12880
3791,Mezzolara,Italy,629.2,8/27/2026,9488
3792,Hard Rock,Grenada,629.1,8/27/2026,23367
3793,Nadroga,Fiji,629.0,8/27/2026,4392
3794,Estudiantes,Aruba,628.5,8/27/2026,27751
3795,Tukums,Latvia,628.0,8/27/2026,4144
3796,Zebbug Rangers,Malta,627.9,8/27/2026,4614
3797,Ararat,Armenia,627.4,8/27/2026,3682
3798,Ardoi,Spain,626.8,8/27/2026,9842
3799,Bergisch Gladbach,Germany,626.7,8/27/2026,9366
3800,Arambagh,Bangladesh,626.6,8/27/2026,5011
3801,Grobiņa,Latvia,625.9,8/27/2026,4138
3802,Al Shouleh,Syria,625.8,8/27/2026,24992
3803,Racing Colombes 92,France,625.8,8/27/2026,3218
3804,TuS RW Koblenz,Germany,625.7,8/27/2026,1657
3805,UWI Blackbirds,Barbados,625.6,8/27/2026,8409
3806,Brora Rangers,Scotland,625.6,8/27/2026,6760
3807,Izarra,Spain,625.3,8/27/2026,9583
3808,SG Wattenscheid 09,Germany,624.9,8/27/2026,1629
3809,Spinea,Italy,624.5,8/27/2026,17822
3810,Shamrock,Grenada,624.2,8/27/2026,23555
3811,Feronikeli,Kosovo,624.0,8/27/2026,4132
3812,Arnedo,Spain,623.9,8/27/2026,9862
3813,Gorilla of the Universe,Macao,623.8,8/27/2026,27371
3814,Shirak,Armenia,623.1,8/27/2026,3686
3815,PSBS Biak Numfor,Indonesia,621.5,8/27/2026,4232
3816,VfR Mannheim,Germany,621.4,8/27/2026,12889
3817,Montijo,Spain,621.2,8/27/2026,9835
3818,Leiknir R.,Iceland,621.1,8/27/2026,2114
3819,Institute,Northern-Ireland,620.4,8/27/2026,5353
3820,Songwe Border United,Malawi,620.2,8/27/2026,25894
3821,Barrow,England,618.5,8/27/2026,1819
3822,Wegberg-Beeck,Germany,618.4,8/27/2026,14148
3823,KFC Uerdingen 05,Germany,618.4,8/27/2026,1322
3824,Herrera,Panama,618.0,8/27/2026,15619
3825,Pomezia,Italy,617.9,8/27/2026,9501
3826,Tuttocuoio,Italy,617.8,8/27/2026,1686
3827,Vogherese,Italy,617.7,8/27/2026,22320
3828,Kaiserslautern II,Germany,617.3,8/27/2026,12800
3829,Cittanova Interpiana,Italy,616.1,8/27/2026,17853
3830,Dadjè,Benin,616.1,8/27/2026,16421
3831,Città di Castello,Italy,615.3,8/27/2026,19971
3832,Rakhine United,Myanmar,615.1,8/27/2026,12527
3833,Jarabacoa,Dominican-Republic,615.0,8/27/2026,16140
3834,Newtown AFC,Wales,614.4,8/27/2026,358
3835,Skeid,Norway,613.5,8/27/2026,2239
3836,Rancho Santana,Nicaragua,612.5,8/27/2026,24510
3837,Pontivy GSI,France,612.5,8/27/2026,3098
3838,TuS Koblenz,Germany,612.2,8/27/2026,1648
3839,Ammanford AFC,Wales,611.0,8/27/2026,2188
3840,Borgosesia,Italy,610.6,8/27/2026,9429
3841,Morecambe,England,610.6,8/27/2026,1375
3842,Tasmania Berlin,Germany,610.1,8/27/2026,12874
3843,Brisbane Roar,Australia,610.1,8/27/2026,947
3844,La Horquetta Rangers,Trinidad-And-Tobago,609.7,8/27/2026,12564
3845,Hauts Lyonnais,France,609.6,8/27/2026,3187
3846,Brea,Spain,609.1,8/27/2026,9883
3847,Troyes II,France,608.4,8/27/2026,9945
3848,Tarbes,France,608.3,8/27/2026,3235
3849,Mariglianese,Italy,607.8,8/27/2026,17848
3850,Portogruaro,Italy,606.7,8/27/2026,19979
3851,Homberg,Germany,606.2,8/27/2026,9370
3852,SAB Spartans,Grenada,605.9,8/27/2026,23370
3853,Jonava,Lithuania,605.7,8/27/2026,3862
3854,Be1 NFA,Lithuania,605.2,8/27/2026,16747
3855,Sámano,Spain,605.1,8/27/2026,9648
3856,FK Trakai,Lithuania,603.5,8/27/2026,638
3857,Libertas,San-Marino,603.2,8/27/2026,5303
3858,Western Sydney Wanderers,Australia,602.9,8/27/2026,939
3859,Liphakoe,Lesotho,602.1,8/27/2026,20983
3860,Kara-Balta,Kyrgyzstan,601.6,8/27/2026,12238
3861,VfR Aalen,Germany,601.5,8/27/2026,1327
3862,Le Poiré sur Vie,France,600.2,8/27/2026,3068
3863,UCD,Ireland,599.7,8/27/2026,3844
3864,Sloboda Tuzla,Bosnia,599.5,8/27/2026,3360
3865,Pontypridd Town,Wales,598.6,8/27/2026,2192
3866,Holywell,Wales,598.2,8/27/2026,6459
3867,Pietà Hotspurs,Malta,598.0,8/27/2026,4607
3868,Ponsacco,Italy,597.3,8/27/2026,5607
3869,BAK '07,Germany,596.5,8/27/2026,9351
3870,Canet Roussillon,France,596.5,8/27/2026,3030
3871,Landsberg,Germany,595.8,8/27/2026,14717
3872,United Riccione,Italy,594.7,8/27/2026,20111
3873,Lokomotivi Tbilisi,Georgia,594.3,8/27/2026,3500
3874,Green Farmers FC,Burundi,593.6,8/27/2026,26334
3875,Abahani Chittagong,Bangladesh,592.4,8/27/2026,5010
3876,National Defense,Cambodia,592.3,8/27/2026,5391
3877,Dikaki,Gabon,592.2,8/27/2026,21189
3878,Cattolica,Italy,592.2,8/27/2026,9508
3879,Eintracht Hohkeppel,Germany,591.8,8/27/2026,19465
3880,Trefelin,Wales,591.7,8/27/2026,6479
3881,Airbus UK,Wales,591.3,8/27/2026,4909
3882,UE Engordany,Andorra,591.2,8/27/2026,2268
3883,Fakirerpool,Bangladesh,591.1,8/27/2026,25416
3884,Universities,New-Zealand,590.8,8/27/2026,23210
3885,Gandzasar,Armenia,589.6,8/27/2026,688
3886,Lavis,Italy,587.2,8/27/2026,24693
3887,San Martino Speme,Italy,586.9,8/27/2026,17821
3888,Lyon Duchere,France,586.8,8/27/2026,1295
3889,Tuloy,Philippines,585.8,8/27/2026,21580
3890,Heider SV,Germany,585.8,8/27/2026,9343
3891,Hertha Zehlendorf,Germany,585.7,8/27/2026,12786
3892,Limkokwing University,Lesotho,582.2,8/27/2026,25064
3893,Le Pays du Valois,France,582.1,8/27/2026,20601
3894,Baden,Switzerland,582.1,8/27/2026,12699
3895,North Stars,Grenada,582.0,8/27/2026,26062
3896,Selwyn United,New-Zealand,581.5,8/27/2026,20667
3897,PDHAE,Italy,580.5,8/27/2026,17812
3898,Manchester 62,Gibraltar,580.1,8/27/2026,16136
3899,Ugyen Academy,Bhutan,579.9,8/27/2026,19007
3900,Pro Livorno,Italy,579.4,8/27/2026,17832
3901,Members,Lesotho,579.3,8/27/2026,26611
3902,Erlbach,Germany,578.5,8/27/2026,19220
3903,Schalding-Heining,Germany,577.7,8/27/2026,9334
3904,Aberystwyth Town,Wales,577.4,8/27/2026,351
3905,Ming Chuan University,Chinese-Taipei,576.9,8/27/2026,12540
3906,Lavello,Italy,576.8,8/27/2026,17847
3907,Southern City,Bhutan,576.3,8/27/2026,25703
3908,Rot Weiss Ahlen,Germany,575.9,8/27/2026,12839
3909,Castrovillari,Italy,574.4,8/27/2026,9552
3910,Germania Halberstadt,Germany,573.7,8/27/2026,1643
3911,Flora,Suriname,573.3,8/27/2026,23429
3912,Viktoria Aschaffenburg,Germany,573.3,8/27/2026,9336
3913,Morvant Caledonia United,Trinidad-And-Tobago,572.1,8/27/2026,12565
3914,Summit,Lesotho,572.1,8/27/2026,28233
3915,Nuova Gioiese,Italy,571.1,8/27/2026,22315
3916,Spelle-Venhaus,Germany,570.5,8/27/2026,14787
3917,Mzamane,Lesotho,570.5,8/27/2026,25066
3918,Wormatia Worms,Germany,569.0,8/27/2026,1663
3919,Fushë Kosova,Kosovo,568.0,8/27/2026,18293
3920,John Hughes,Antigua-And-Barbuda,567.9,8/27/2026,22796
3921,Limavady United,Northern-Ireland,567.5,8/27/2026,11114
3922,FC 08 Villingen,Germany,567.3,8/27/2026,1619
3923,Mori Santo Stefano,Italy,566.9,8/27/2026,22314
3924,Caronnese,Italy,566.4,8/27/2026,9431
3925,Kwekwe United,Zimbabwe,565.5,8/27/2026,25733
3926,Peña Sport,Spain,565.2,8/27/2026,9406
3927,Shukura,Georgia,565.1,8/27/2026,3510
3928,Utrera,Spain,564.9,8/27/2026,9769
3929,Machokha,Lesotho,564.4,8/27/2026,20984
3930,Master 7,Laos,562.8,8/27/2026,9425
3931,Gudja United,Malta,562.5,8/27/2026,4616
3932,Plauen,Germany,559.6,8/27/2026,12833
3933,St. Andrew Lions,Barbados,555.8,8/27/2026,8408
3934,Esperança d'Andorra,Andorra,554.2,8/27/2026,19195
3935,Phoenix,Trinidad-And-Tobago,553.3,8/27/2026,25276
3936,Rousset-Ste Victoire,France,552.6,8/27/2026,3292
3937,City Escaldes,Andorra,547.8,8/27/2026,24515
3938,Auerbach,Germany,544.8,8/27/2026,9350
3939,Liria Prizren,Kosovo,543.2,8/27/2026,14402
3940,Eintracht Stadtallendorf,Germany,543.0,8/27/2026,12761
3941,llanelli AFC,Wales,541.9,8/27/2026,355
3942,Tensung,Bhutan,541.7,8/27/2026,5590
3943,Ceares,Spain,541.4,8/27/2026,9620
3944,Wotton,Barbados,540.8,8/27/2026,10084
3945,Besa Pejë,Kosovo,540.3,8/27/2026,14577
3946,Unistars,Aruba,539.5,8/27/2026,25131
3947,Carroi,Andorra,539.3,8/27/2026,3346
3948,Ottos Rangers,Antigua-And-Barbuda,539.0,8/27/2026,22798
3949,Samtse,Bhutan,538.3,8/27/2026,21275
3950,Hankofen-Hailing,Germany,538.1,8/27/2026,12780
3951,Casale,Italy,537.4,8/27/2026,9432
3952,Noah Jūrmala,Latvia,534.6,8/27/2026,16462
3953,Glacis United,Gibraltar,533.2,8/27/2026,16132
3954,Maroala,Lesotho,531.2,8/27/2026,26610
3955,Pennarossa,San-Marino,528.7,8/27/2026,5306
3956,South Island United,World,527.7,8/27/2026,27381
3957,Cunupia,Trinidad-And-Tobago,525.0,8/27/2026,12562
3958,Straelen,Germany,524.5,8/27/2026,12862
3959,Spanish Town Police,Jamaica,523.5,8/27/2026,26495
3960,Türkgücü-Ataspor,Germany,523.4,8/27/2026,9335
3961,Tavua,Fiji,523.1,8/27/2026,4389
3962,Solomon Kings,World,521.6,8/27/2026,27380
3963,Europa Point,Gibraltar,521.2,8/27/2026,16131
3964,Racing,Lebanon,518.8,8/27/2026,4572
3965,Suduroy,Faroe-Islands,517.6,8/27/2026,4182
3966,Newry City AFC,Northern-Ireland,517.2,8/27/2026,5346
3967,FC Inter Wanica,Suriname,515.2,8/27/2026,12214
3968,Point Fortin,Trinidad-And-Tobago,513.4,8/27/2026,12566
3969,Tennis Borussia,Germany,513.1,8/27/2026,12876
3970,Benque,Belize,512.8,8/27/2026,19740
3971,Nereto,Italy,510.9,8/27/2026,17839
3972,Atlètic Amèrica,Andorra,509.7,8/27/2026,3876
3973,Faetano,San-Marino,508.1,8/27/2026,5300
3974,Shkupi 1927,Macedonia,507.3,8/27/2026,2265
3975,Annagh United,Northern-Ireland,506.4,8/27/2026,11109
3976,Vanuatu United,World,504.5,8/27/2026,27383
3977,Mendiola,Philippines,504.5,8/27/2026,16192
3978,Bula,World,503.1,8/27/2026,27379
3979,Türkspor Dortmund,Germany,500.7,8/27/2026,20873
3980,Tahiti United,World,500.4,8/27/2026,27382
3981,Lupo-Martini,Germany,499.8,8/27/2026,12811
3982,Sporting Escaldes,Andorra,497.9,8/27/2026,3354
3983,Aurora Alto Casertano,Italy,493.8,8/27/2026,17835
3984,Artilheiros,Macao,493.5,8/27/2026,27372
3985,Eintracht Bamberg,Germany,493.1,8/27/2026,12757
3986,Biancavilla,Italy,491.5,8/27/2026,9551
3987,Yarmanya United,Myanmar,486.7,8/27/2026,26331
3988,TB,Faroe-Islands,486.0,8/27/2026,4192
3989,San Cristóbal,Dominican-Republic,480.0,8/27/2026,16618
3990,Salsomaggiore,Italy,479.9,8/27/2026,19982
3991,Gebenbach,Germany,474.0,8/27/2026,19228
3992,Sporting Macau,Macao,472.0,8/27/2026,21198
3993,Rain / Lech,Germany,471.4,8/27/2026,9333
3994,Savannakhet,Laos,470.0,8/27/2026,26368
3995,College 1975,Gibraltar,468.7,8/27/2026,16130
3996,Real Koyari,Aruba,465.0,8/27/2026,26894
3997,Lun Lok,Macao,463.5,8/27/2026,21197
3998,Jennings United,Antigua-And-Barbuda,461.9,8/27/2026,26962
3999,Universidade de Macau,Macao,458.4,8/27/2026,23062
4000,San Marino Academy,San-Marino,458.2,8/27/2026,22179
4001,Cefn Druids AFC,Wales,457.5,8/27/2026,360
4002,1860 Rosenheim,Germany,446.3,8/27/2026,9322
4003,La Massana,Andorra,438.8,8/27/2026,3351
4004,Murata,San-Marino,433.4,8/27/2026,5305
4005,Philippine Army,Philippines,421.9,8/27/2026,21578
4006,Cailungo,San-Marino,415.2,8/27/2026,5297
4007,Heimstetten,Germany,410.4,8/27/2026,9329
4008,Hound Dogs,Gibraltar,402.0,8/27/2026,16790
4009,Pipinsried,Germany,365.5,8/27/2026,12832
